node,mutation,ttest_pvalue,ttest_adj_pvalue_Bonf,ttest_adj_pvalue_BH,Population,Rv_number,synonym
1805,2886030A,1.87255319904168e-17,1.87255319904168e-17,1.87255319904168e-17,Rusia,Rv2565,
1677,45551A,8.068169321020201e-15,8.068169321020201e-15,8.068169321020201e-15,Georgia,Rv0041,leuS
3994,1674262G,3.66713367755077e-14,3.66713367755077e-14,3.66713367755077e-14,Peru,Rv1484,inhA
3060,1039347T,3.84122524818959e-14,3.84122524818959e-14,3.84122524818959e-14,UK,Rv0931c,pknD
2816,3522462G,1.25883539343887e-11,1.25883539343887e-11,1.25883539343887e-11,Georgia,Rv3156,nuoL
3845,4157422G,1.79051638586852e-10,1.79051638586852e-10,1.79051638586852e-10,Moldova,Rv3712,
3836,158543T,1.14562849618841e-09,1.14562849618841e-09,1.14562849618841e-09,Moldova,Rv0131c,fadE1
4857,3848408G,4.969697708922621e-09,4.969697708922621e-09,4.969697708922621e-09,China,Rv3430c,
2449,1290762T,7.197300078470621e-09,7.197300078470621e-09,7.197300078470621e-09,Botswana,Rv1161,narG
3444,3383592T,3.77696515244972e-08,3.77696515244972e-08,3.77696515244972e-08,Peru,Rv3024c,trmU
1886,3485106G,1.97330408522924e-07,1.97330408522924e-07,1.97330408522924e-07,Georgia,Rv3118,sseC1
5971,4201023A,2.20396421866013e-07,2.20396421866013e-07,2.20396421866013e-07,China,Rv3754,tyrA
1956,3566880A,6.40634601227904e-07,6.40634601227904e-07,6.40634601227904e-07,Valencia,Rv3196A,
3576,3703398G,1.79907570710378e-06,1.79907570710378e-06,1.79907570710378e-06,Peru,Rv3314c,deoA
2360,3127926A,1.59818813759648e-06,6.39275255038593e-06,6.39275255038593e-06,Georgia,Rv2820c,
2767,3569043C,1.15020195773251e-05,1.15020195773251e-05,1.15020195773251e-05,Georgia,IG3249_Rv3197A-Rv3198c,
1495,861699G,4.43023061237984e-05,4.43023061237984e-05,4.43023061237984e-05,Botswana,Rv0768,aldA
4137,4407973C,4.54776767923233e-05,4.54776767923233e-05,4.54776767923233e-05,Peru,Rv3919c,gidB
2481,408897T,0.0001606943255171,0.0001606943255171,0.0001606943255171,Botswana,Rv0340,
3676,183231G,0.000166098849088,0.000166098849088,0.000166098849088,China,IG155_Rv0154c-Rv0155,
704,1374685C,0.0001784036617456,0.0001784036617456,0.0001784036617456,Japan,Rv1231c,
2901,2110364T,0.0001967233410766,0.0001967233410766,0.0001967233410766,Vietnam,Rv1862,adhA
2326,689658A,0.0002110658672216,0.0002110658672216,0.0002110658672216,Thailand,Rv0591,mce2C
6148,3874738A,0.0002156730667193,0.0002156730667193,0.0002156730667193,China,IG3512_Rv3453-Rv3454,
2691,799348T,0.0002609286479346,0.0002609286479346,0.0002609286479346,Malawi,Rv0698,
1645,3986938C,0.0003288873907418,0.0003288873907418,0.0003288873907418,Rusia,Rv3547,
406,2774555C,0.000354857646491,0.000354857646491,0.000354857646491,Italy,Rv2471,aglA
2013,1141840T,0.0004364225216622,0.0004364225216622,0.0004364225216622,Malawi,Rv1020,mfd
3186,3314463T,0.0005999874669811,0.0005999874669811,0.0005999874669811,Malawi,Rv2962c,
2587,845911G,0.0006127924702062,0.0006127924702062,0.0006127924702062,Peru,Rv0753c,mmsA
4376,4215472C,0.0008879292580519,0.0008879292580519,0.0008879292580519,China,Rv3770c,
4358,1748444G,0.0009173170172836,0.0009173170172836,0.0009173170172836,China,Rv1547,dnaE
719,332576G,0.0011168120946942,0.0011168120946942,0.0011168120946942,Australia,Rv0276,
499,1847104C,0.001320267222352,0.001320267222352,0.001320267222352,Indonesia,Rv1639c,
692,465795T,0.0013224165874628,0.0013224165874628,0.0013224165874628,Paraguay,Rv0386,
2530,3909555A,0.0014392475100288,0.0014392475100288,0.0014392475100288,Malawi,Rv3490,otsA
6768,854870A,0.0017327283792667,0.0017327283792667,0.0017327283792667,China,Rv0761c,adhB
314,285099T,0.001770337798073,0.001770337798073,0.001770337798073,Canada,Rv0236c,
4238,2123179A,0.0017703398131454,0.0017703398131454,0.0017703398131454,China,Rv1873,
730,4046007T,0.0018505593111406,0.0018505593111406,0.0018505593111406,Japan,Rv3603c,
2311,103602G,0.0018652455375843,0.0018652455375843,0.0018652455375843,Georgia,Rv0093c,
1865,67140T,0.0019584770589524,0.0019584770589524,0.0019584770589524,Georgia,Rv0063,
4059,1686119C,0.0021536018120011,0.0021536018120011,0.0021536018120011,Peru,Rv1493,mutB
1215,2374162G,0.002278321583713,0.002278321583713,0.002278321583713,Rusia,Rv2114,
2213,3003147A,0.0024020375043603,0.0024020375043603,0.0024020375043603,Peru,Rv2685,arsB1
2797,808696C,0.0028987682543818,0.0028987682543818,0.0028987682543818,Vietnam,Rv0711,atsA
3014,2305217G,0.0031795195229986,0.0031795195229986,0.0031795195229986,Peru,Rv2048c,pks12
4177,2385083C,0.0032170316702915,0.0032170316702915,0.0032170316702915,Peru,Rv2124c,metH
3302,3092311C,0.003807589499247,0.003807589499247,0.003807589499247,Peru,Rv2783c,gpsI
3356,307473C,0.0040745080527044,0.0040745080527044,0.0040745080527044,Malawi,Rv0255c,cobQ1
1087,761155C,0.0046446000393898,0.0046446000393898,0.0046446000393898,Ukraine,Rv0667,rpoB
1086,966883C,0.0051800532905915,0.0051800532905915,0.0051800532905915,Ukraine,Rv0869c,moaA
2618,2700029G,0.0059728095723175,0.0059728095723175,0.0059728095723175,Malawi,Rv2402,
1270,2022601A,0.0062170892585221,0.0062170892585221,0.0062170892585221,Botswana,Rv1784,
3691,1042890A,0.0064260902260522,0.0064260902260522,0.0064260902260522,Moldova,Rv0934,pstS1
4073,1259073G,0.0066504152391689,0.0066504152391689,0.0066504152391689,Peru,Rv1133c,metE
3938,4328509A,0.0072330704032159,0.0072330704032159,0.0072330704032159,Peru,Rv3856c,
2490,1273709G,0.008109056337953,0.008109056337953,0.008109056337953,Peru,Rv1146,mmpL13b
3922,86568A,0.0091563583680793,0.0091563583680793,0.0091563583680793,Peru,Rv0078,
3491,2136737A,0.00944585094715,0.00944585094715,0.00944585094715,Moldova,Rv1887,
1131,655162C,0.009861731264374,0.009861731264374,0.009861731264374,Tanzania,Rv0564c,gpsA
1038,4248003G,0.0099521184096755,0.0099521184096755,0.0099521184096755,Ukraine,Rv3795,embB
331,2247634G,0.0052161176440861,0.0104322352881722,0.0104322352881722,Greenland,IG2033_Rv2001-Rv2002,
1643,2895471C,0.0107737595595459,0.0107737595595459,0.0107737595595459,Rusia,Rv2571c,
4187,761155T,0.0108632045408933,0.0108632045408933,0.0108632045408933,Peru,Rv0667,rpoB
2218,1325385C,0.0125155079092265,0.0125155079092265,0.0125155079092265,Valencia,Rv1184c,
5574,3522829C,0.0130988961820362,0.0130988961820362,0.0130988961820362,China,Rv3156,nuoL
2382,1153594A,0.0133194760551569,0.0133194760551569,0.0133194760551569,Botswana,Rv1029,kdpA
4194,1536194G,0.0141988195108262,0.0141988195108262,0.0141988195108262,Peru,Rv1364c,
1117,3073679A,0.0142395691289981,0.0142395691289981,0.0142395691289981,Ukraine,IG2808_Rv2763c-Rv2764c,
371,1564821T,0.0144559020449993,0.0144559020449993,0.0144559020449993,Canada,Rv1389,gmk
2610,2324343A,0.014493766678219,0.014493766678219,0.014493766678219,Vietnam,Rv2066,cobI
1671,2867347A,0.0146160554502947,0.0146160554502947,0.0146160554502947,Georgia,Rv2544,lppB
1015,1473246G,0.0148891547436742,0.0148891547436742,0.0148891547436742,Ukraine,IG_rrs-16sRNA,
2493,2715342T,0.0159680732551807,0.0159680732551807,0.0159680732551807,Moldova,IG2456_Rv2416c-Rv2417c,
1832,480102G,0.0170210287302792,0.0170210287302792,0.0170210287302792,Valencia,Rv0401,
2676,2531130A,0.017248158262781,0.017248158262781,0.017248158262781,Malawi,Rv2258c,
2671,1525281G,0.0174674614809849,0.0174674614809849,0.0174674614809849,Malawi,IG1379_Rv1356c-Rv1357c,
374,14417T,0.0181078871737677,0.0181078871737677,0.0181078871737677,Paraguay,Rv0012,
2251,946537T,0.0185357341021827,0.0185357341021827,0.0185357341021827,Peru,Rv0849,
767,109247T,0.0192412029903591,0.0192412029903591,0.0192412029903591,Tanzania,Rv0099,fadD10
405,3566773G,0.0207749955635576,0.0207749955635576,0.0207749955635576,Greenland,Rv3196A,
1471,1540749T,0.0211146115137151,0.0211146115137151,0.0211146115137151,Botswana,IG1390_Rv1367c-Rv1368,
2928,2122395T,0.0253487918260333,0.0253487918260333,0.0253487918260333,Peru,Rv1872c,lldD2
2217,958486G,0.0260231490720457,0.0260231490720457,0.0260231490720457,Botswana,IG876_Rv0860-Rv0861c,
2341,201152C,0.0268105896705879,0.0268105896705879,0.0268105896705879,Valencia,Rv0171,mce1C
3376,1525657T,0.0294704100797146,0.0294704100797146,0.0294704100797146,Peru,Rv1357c,
2750,2267791C,0.0303204141036735,0.0303204141036735,0.0303204141036735,Georgia,Rv2023c,
1326,274472C,0.0307383039216502,0.0307383039216502,0.0307383039216502,Rusia,Rv0229c,
299,1597843T,0.0324929551710603,0.0324929551710603,0.0324929551710603,Greenland,Rv1422,
2549,2574002G,0.033541005702617,0.033541005702617,0.033541005702617,Vietnam,Rv2302,
748,3484012G,0.0349079489538103,0.0349079489538103,0.0349079489538103,Mozambique,Rv3117,cysA3
1007,1048104C,0.0415369089136504,0.0415369089136504,0.0415369089136504,Rusia,Rv0938,
1797,1731919A,0.0416551480325608,0.0416551480325608,0.0416551480325608,Rusia,Rv1530,adh
2671,4248441T,0.0421550780876873,0.0421550780876873,0.0421550780876873,Georgia,Rv3795,embB
1770,1451804T,0.0451672353008665,0.0451672353008665,0.0451672353008665,Georgia,IG1317_Rv1295-Rv1296,
2978,882660C,0.0483664622472714,0.0483664622472714,0.0483664622472714,Moldova,Rv0787A,
2233,4228344C,0.0525182746643878,0.0525182746643878,0.0525182746643878,Peru,Rv3781,rfbE
3466,2123145T,0.0531359057943897,0.0531359057943897,0.0531359057943897,Peru,Rv1872c,lldD2
2397,3443628G,0.0533639642647866,0.0533639642647866,0.0533639642647866,Moldova,Rv3080c,pknK
2711,2155168C,0.0535193222419857,0.0535193222419857,0.0535193222419857,Georgia,Rv1908c,katG
2768,321993T,0.0535714340700954,0.0535714340700954,0.0535714340700954,Vietnam,Rv0267,narU
1830,1955763A,0.0049233271781664,0.0541565989598312,0.0541565989598312,Georgia,Rv1730c,
2292,120233A,0.0546074304168992,0.0546074304168992,0.0546074304168992,Thailand,Rv0103c,ctpB
644,4386971T,0.056163074991755,0.056163074991755,0.056163074991755,Bangladesh,IG3966_Rv3901c-Rv3902c,
3890,4363348G,0.0575112961862745,0.0575112961862745,0.0575112961862745,Peru,Rv3882c,
2224,1552108C,0.0576097675301223,0.0576097675301223,0.0576097675301223,Moldova,Rv1378c,
3355,1105557A,0.0577547624800329,0.0577547624800329,0.0577547624800329,Moldova,Rv0988,
2116,2539647A,0.0602916015405777,0.0602916015405777,0.0602916015405777,Moldova,Rv2265,
707,3108996G,0.0606822484437181,0.0606822484437181,0.0606822484437181,Kenya,Rv2800,
3072,2193386C,0.0616606432370932,0.0616606432370932,0.0616606432370932,Peru,Rv1940,ribA1
1040,419783C,0.0676308103722654,0.0676308103722654,0.0676308103722654,Australia,IG352_Rv0349-Rv0350,
372,4286727C,0.0707130964107775,0.0707130964107775,0.0707130964107775,Canada,Rv3822,
2842,1371166G,0.0722212957221682,0.0722212957221682,0.0722212957221682,Malawi,Rv1228,lpqX
2930,720603T,0.0724800268141176,0.0724800268141176,0.0724800268141176,Peru,Rv0629c,recD
2178,4386971T,0.0728886858248009,0.0728886858248009,0.0728886858248009,Peru,IG3966_Rv3901c-Rv3902c,
2396,1415295T,0.0730700133793927,0.0730700133793927,0.0730700133793927,Georgia,Rv1266c,pknH
2469,4338596C,0.0737216837608203,0.0737216837608203,0.0737216837608203,Botswana,IG3927_Rv3862c-Rv3863,
2605,3627432C,0.0755290415664284,0.0755290415664284,0.0755290415664284,Georgia,Rv3247c,tmk
3698,2278495G,0.0755487312020795,0.0755487312020795,0.0755487312020795,Peru,IG2062_Rv2030c-Rv2031c,
2529,761155T,0.0771267106600295,0.0771267106600295,0.0771267106600295,Georgia,Rv0667,rpoB
2647,4383868A,0.077698338234187,0.077698338234187,0.077698338234187,Vietnam,Rv3898c,
2693,2396735C,0.0802933849289903,0.0802933849289903,0.0802933849289903,Vietnam,Rv2136c,uppP
5460,2867347A,0.0807392892308751,0.0807392892308751,0.0807392892308751,China,Rv2544,lppB
946,3174748C,0.0818382982580988,0.0818382982580988,0.0818382982580988,Tanzania,IG2907_Rv2862c-Rv2863,
600,3285585G,0.0834083687874692,0.0834083687874692,0.0834083687874692,Kenya,Rv2942,mmpL7
6207,2510422A,0.0841331822962745,0.0841331822962745,0.0841331822962745,China,IG2269_Rv2237-Rv2238c,
1868,1239336G,0.0851405386198194,0.0851405386198194,0.0851405386198194,Malawi,IG1131_Rv1112-Rv1113,
3369,2930353A,0.0862075855874717,0.0862075855874717,0.0862075855874717,Peru,Rv2601A,
1398,3073679A,0.08707732585828,0.08707732585828,0.08707732585828,Rusia,IG2808_Rv2763c-Rv2764c,
1747,4324726C,0.0876147504849774,0.0876147504849774,0.0876147504849774,Botswana,Rv3851,
1450,2620959T,0.0881274214549135,0.0881274214549135,0.0881274214549135,Valencia,Rv2343c,dnaG
2363,2456200T,0.0881375891706887,0.0881375891706887,0.0881375891706887,Moldova,Rv2192c,trpD
418,3124135C,0.0884570597163405,0.0884570597163405,0.0884570597163405,Greenland,Rv2817c,
2480,1641322T,0.0901179749604227,0.0901179749604227,0.0901179749604227,Malawi,Rv1455,
1454,4383282A,0.0906989049746386,0.0906989049746386,0.0906989049746386,Valencia,Rv3897c,
2615,3143417A,0.0912270347004761,0.0912270347004761,0.0912270347004761,Peru,Rv2836c,dinF
2958,3245909C,0.0924561937374235,0.0924561937374235,0.0924561937374235,UK,Rv2931,ppsA
2747,1880220C,0.0936140677840353,0.0936140677840353,0.0936140677840353,Peru,Rv1661,pks7
1096,4284268A,0.094625536829138,0.094625536829138,0.094625536829138,Rusia,Rv3819,
2594,966883C,0.0949042531665333,0.0949042531665333,0.0949042531665333,Moldova,Rv0869c,moaA
2246,4251297C,0.0850897346042676,0.170179469208535,0.0949596936490817,Valencia,Rv3797,fadE35
1188,4251297C,0.0949596936490817,0.189919387298163,0.0949596936490817,Valencia,Rv3797,fadE35
2944,4217704G,0.0966031326872906,0.0966031326872906,0.0966031326872906,Moldova,Rv3772,hisC2
2217,2867538G,0.0491963937388075,0.0983927874776149,0.0983927874776149,Moldova,Rv2544,lppB
1584,4204943G,0.0986780153069513,0.0986780153069513,0.0986780153069513,Rusia,Rv3759c,proX
6734,3820180A,0.0990636160148986,0.0990636160148986,0.0990636160148986,China,Rv3401,
1181,1347901T,0.100009138249505,0.100009138249505,0.100009138249505,Tanzania,Rv1204c,
3328,4410976A,0.102206460114632,0.102206460114632,0.102206460114632,Malawi,IG3989_Rv3924c_end,
2985,4191582A,0.107181085054553,0.107181085054553,0.107181085054553,Vietnam,Rv3740c,
2685,3237480A,0.10901357840674,0.10901357840674,0.10901357840674,Malawi,Rv2922c,smc
418,11633C,0.110137849330972,0.110137849330972,0.110137849330972,Canada,IG7_Rv0007-Rv0008c,
3389,657824A,0.111867011226157,0.111867011226157,0.111867011226157,Malawi,Rv0566c,
3960,915485C,0.113364862474779,0.113364862474779,0.113364862474779,Peru,Rv0822c,
1715,1387033C,0.113471943758589,0.113471943758589,0.113471943758589,Vietnam,Rv1244,lpqZ
1771,4410564G,0.113685791223478,0.113685791223478,0.113685791223478,Botswana,Rv3923c,rnpA
4149,663484A,0.115424844861196,0.115424844861196,0.115424844861196,Peru,IG578_Rv0570-Rv0571c,
2134,4230213C,0.117878002370827,0.117878002370827,0.117878002370827,Georgia,IG3848_Rv3783-Rv3784,
3508,637545G,0.12025673798354,0.12025673798354,0.12025673798354,Malawi,IG553_Rv0545c-Rv0546c,
1349,2417097T,0.1202677185776,0.1202677185776,0.1202677185776,Rusia,Rv2156c,mraY
1237,4131463T,0.121332694616204,0.121332694616204,0.121332694616204,Tanzania,Rv3689,
2049,7582G,0.121512814834042,0.121512814834042,0.121512814834042,Georgia,Rv0006,gyrA
3704,3157578C,0.122888169112839,0.122888169112839,0.122888169112839,Moldova,Rv2849c,cobO
2879,3975090G,0.124263141982832,0.124263141982832,0.124263141982832,Malawi,Rv3536c,
770,465323C,0.125596310938058,0.125596310938058,0.125596310938058,Mozambique,Rv0386,
1381,2650184C,0.126072029109587,0.126072029109587,0.126072029109587,Rusia,Rv2369c,
3745,1138435A,0.126992419476735,0.126992419476735,0.126992419476735,Moldova,Rv1019,
1656,956146C,0.129486386668003,0.129486386668003,0.129486386668003,Georgia,Rv0859,fadA
2519,761095C,0.129708668787615,0.129708668787615,0.129708668787615,Georgia,Rv0667,rpoB
1161,4149290T,0.13040919206409,0.13040919206409,0.13040919206409,Rusia,Rv3705A,
1126,1175098A,0.131885951512268,0.131885951512268,0.131885951512268,Tanzania,IG1068_Rv1051c-Rv1052,
5176,669206A,0.133223846810238,0.133223846810238,0.133223846810238,China,Rv0575c,
1947,2627899A,0.137095756031261,0.137095756031261,0.137095756031261,Thailand,Rv2349c,plcC
3191,4060588C,0.139409400833242,0.139409400833242,0.139409400833242,Malawi,Rv3620c,esxW
1997,1430147T,0.141055475930056,0.141055475930056,0.141055475930056,Georgia,Rv1279,
1913,330234A,0.146561039128241,0.146561039128241,0.146561039128241,UK,Rv0273c,
1481,3659988G,0.148831394820035,0.148831394820035,0.148831394820035,Botswana,Rv3277,
2551,2780712A,0.150286965759061,0.150286965759061,0.150286965759061,Georgia,Rv2476c,gdh
1423,3853193A,0.150600610362623,0.150600610362623,0.150600610362623,Rusia,Rv3433c,
2255,4094938T,0.152942219357283,0.152942219357283,0.152942219357283,Peru,Rv3655c,
346,3136335A,0.15462881440509,0.15462881440509,0.15462881440509,Philippines,IG2873_Rv2828c-Rv2829c,
289,1042628T,0.163754938906921,0.163754938906921,0.163754938906921,Greenland,Rv0934,pstS1
1888,8414T,0.163874587804128,0.163874587804128,0.163874587804128,UK,Rv0006,gyrA
3252,3691003A,0.167474324996819,0.167474324996819,0.167474324996819,Malawi,IG3360_Rv3303c-Rv3304,
1438,154191G,0.168747430908445,0.168747430908445,0.168747430908445,Valencia,IG127_Rv0126-Rv0127,
2130,3310427C,0.168902229486116,0.168902229486116,0.168902229486116,Thailand,IG3004_Rv2957-Rv2958c,
2426,2339974C,0.169569915520804,0.169569915520804,0.169569915520804,Malawi,Rv2082,
2402,1313726G,0.174225961986125,0.174225961986125,0.174225961986125,Moldova,Rv1180,pks3
2023,223296A,0.17598243450359,0.17598243450359,0.17598243450359,Botswana,Rv0191,
2550,1433248A,0.181042107387771,0.181042107387771,0.181042107387771,Peru,Rv1280c,oppA
316,2448480T,0.184800069286592,0.184800069286592,0.184800069286592,Philippines,Rv2187,fadD15
2677,3638721C,0.184934236750679,0.184934236750679,0.184934236750679,Moldova,IG3314_Rv3257c-Rv3258c,
3352,232231G,0.18626757038053,0.18626757038053,0.18626757038053,Malawi,Rv0196,
3214,4243217T,0.186845873019734,0.186845873019734,0.186845873019734,Moldova,IG3858_Rv3793-Rv3794,
686,4297830A,0.188186821765334,0.188186821765334,0.188186821765334,Paraguay,Rv3825c,pks2
282,3911922G,0.188186821765334,0.188186821765334,0.188186821765334,Canada,Rv3494c,mce4F
2065,3178912T,0.189163404663436,0.189163404663436,0.189163404663436,Moldova,Rv2867c,
1762,4247730C,0.1927508529513,0.1927508529513,0.1927508529513,Georgia,Rv3795,embB
3260,2288934C,0.19302969324254,0.19302969324254,0.19302969324254,Moldova,Rv2043c,pncA
3327,2208879A,0.193433944460888,0.193433944460888,0.193433944460888,Peru,Rv1965,yrbE3B
3588,46415A,0.195501109477885,0.195501109477885,0.195501109477885,Peru,Rv0041,leuS
2926,3937005T,0.196658432395022,0.196658432395022,0.196658432395022,Malawi,Rv3509c,ilvX
2581,1537943G,0.197714250053386,0.197714250053386,0.197714250053386,Georgia,Rv1365c,rsfA
1186,9395A,0.199553147824975,0.199553147824975,0.199553147824975,Rusia,Rv0006,gyrA
3179,1876282C,0.199769084863157,0.199769084863157,0.199769084863157,Moldova,Rv1661,pks7
1155,1254111C,0.201289412214425,0.201289412214425,0.201289412214425,Tanzania,Rv1129c,
376,3433313T,0.202068636725562,0.202068636725562,0.202068636725562,Paraguay,Rv3068c,pgmA
2189,3232330G,0.20765513890236,0.20765513890236,0.20765513890236,Moldova,Rv2920c,amt
2170,4143346G,0.209131159997593,0.209131159997593,0.209131159997593,Moldova,Rv3700c,
1144,436485A,0.209271101941872,0.209271101941872,0.209271101941872,Tanzania,Rv0357c,purA
2323,91808A,0.209440188609001,0.209440188609001,0.209440188609001,Moldova,Rv0083,
2205,651790T,0.209593697913152,0.209593697913152,0.209593697913152,Botswana,Rv0561c,
2274,1370424G,0.210403756140953,0.210403756140953,0.210403756140953,Botswana,Rv1227c,
2005,70036A,0.211324865405187,0.211324865405187,0.211324865405187,Valencia,Rv0064,
382,1697785G,0.211324865405187,0.211324865405187,0.211324865405187,Canada,Rv1507A,
1945,852486T,0.211839554342652,0.211839554342652,0.211839554342652,Malawi,Rv0758,phoR
2116,2650004C,0.212625127218268,0.212625127218268,0.212625127218268,Malawi,Rv2369c,
966,3836703G,0.214471619469175,0.214471619469175,0.214471619469175,Tanzania,Rv3417c,groEL
727,2021531C,0.216577530830902,0.216577530830902,0.216577530830902,Australia,Rv1784,
3103,3873516T,0.221097012410419,0.221097012410419,0.221097012410419,Moldova,Rv3452,cut4
1988,399284A,0.222248794363778,0.222248794363778,0.222248794363778,Valencia,Rv0334,rmlA
2058,2753449G,0.222926908845751,0.222926908845751,0.222926908845751,Georgia,Rv2453c,mobA
3238,4119312A,0.224078948073519,0.224078948073519,0.224078948073519,Moldova,Rv3679,
758,1370424G,0.228799206841856,0.228799206841856,0.228799206841856,Tanzania,Rv1227c,
2553,3791595T,0.23383439921694,0.23383439921694,0.23383439921694,Georgia,Rv3377c,
1426,3133131C,0.236596356846055,0.236596356846055,0.236596356846055,Valencia,Rv2825c,
1701,1777329T,0.243443087148802,0.243443087148802,0.243443087148802,Georgia,Rv1569,bioF1
1508,3837233A,0.243920648659927,0.243920648659927,0.243920648659927,Valencia,Rv3418c,groES
2272,551107A,0.246833355610163,0.246833355610163,0.246833355610163,Botswana,Rv0458,
1080,3453201G,0.24727702149237,0.24727702149237,0.24727702149237,Rusia,Rv3087,
2491,19244A,0.247932676558941,0.247932676558941,0.247932676558941,Peru,Rv0016c,pbpA
1074,2765888A,0.2484385654593,0.2484385654593,0.2484385654593,Rusia,Rv2463,lipP
3265,3229457T,0.25,0.25,0.25,Malawi,Rv2918c,glnD
2558,2312463A,0.25,0.25,0.25,UK,Rv2052c,
2753,1184504A,0.25,0.25,0.25,Malawi,Rv1061,
3371,3602284G,0.25,0.25,0.25,Peru,Rv3225c,
2897,7581T,0.25,0.25,0.25,Georgia,Rv0006,gyrA
2352,4204387G,0.252338121902069,0.252338121902069,0.252338121902069,Malawi,Rv3758c,proV
1100,761155C,0.253016922666899,0.253016922666899,0.253016922666899,Rusia,Rv0667,rpoB
1609,2485581G,0.25540412632996,0.25540412632996,0.25540412632996,Thailand,Rv2218,lipA
1885,4322908A,0.261389115197912,0.261389115197912,0.261389115197912,Malawi,Rv3848,
469,1448C,0.262962215642342,0.262962215642342,0.262962215642342,Kenya,Rv0001,dnaA
487,2280887A,0.26767225402806,0.26767225402806,0.26767225402806,Kenya,Rv2033c,
2019,602734T,0.267748852103951,0.267748852103951,0.267748852103951,Moldova,Rv0510,hemC
3090,3476809G,0.274125961300865,0.274125961300865,0.274125961300865,Peru,Rv3107c,agpS
1125,117650G,0.274202361377207,0.274202361377207,0.274202361377207,Rusia,IG102_Rv0101-Rv0102,
3309,3658152G,0.276468912206036,0.276468912206036,0.276468912206036,Malawi,Rv3275c,purE
1385,4260790A,0.278623445042416,0.278623445042416,0.278623445042416,Rusia,Rv3800c,pks13
2915,34406T,0.27913995185569,0.27913995185569,0.27913995185569,Georgia,Rv0032,bioF2
4085,2155168G,0.280218204995039,0.280218204995039,0.280218204995039,Peru,Rv1908c,katG
2383,3917672T,0.281582407650243,0.281582407650243,0.281582407650243,Malawi,Rv3498c,mce4B
1768,4235607G,0.283684146368177,0.283684146368177,0.283684146368177,Georgia,Rv3789,
3418,1775931T,0.286807824589219,0.286807824589219,0.286807824589219,Moldova,Rv1568,bioA
1419,3863054C,0.286961105678089,0.286961105678089,0.286961105678089,Rusia,Rv3445c,esxU
1958,2629218C,0.28808725771595,0.28808725771595,0.28808725771595,Botswana,Rv2350c,plcB
5753,3442427C,0.289953120505844,0.289953120505844,0.289953120505844,China,Rv3079c,
2918,1423816T,0.290726295492855,0.290726295492855,0.290726295492855,Vietnam,Rv1273c,
2707,1869492C,0.290954243598078,0.290954243598078,0.290954243598078,Moldova,Rv1655,argD
2442,2071460A,0.292278543640046,0.292278543640046,0.292278543640046,Vietnam,Rv1825,
2825,2569461G,0.293298314392214,0.293298314392214,0.293298314392214,Georgia,Rv2298,
2812,3522462A,0.294720376892082,0.294720376892082,0.294720376892082,Georgia,Rv3156,nuoL
2332,2574220T,0.296144427845276,0.296144427845276,0.296144427845276,Thailand,Rv2303c,
4069,143465A,0.296659869772677,0.296659869772677,0.296659869772677,Peru,Rv0118c,oxcA
1994,2919702C,0.299186751916391,0.299186751916391,0.299186751916391,UK,Rv2590,fadD9
3173,713243T,0.301690825655946,0.301690825655946,0.301690825655946,Peru,Rv0620,galK
1785,3545165C,0.301690825655946,0.301690825655946,0.301690825655946,Georgia,Rv3176c,mesT
1997,2523849A,0.301690825655946,0.301690825655946,0.301690825655946,Thailand,Rv2249c,glpD1
944,2448890A,0.303421597481485,0.303421597481485,0.303421597481485,Mozambique,Rv2187,fadD15
2807,1627813C,0.305923249581633,0.305923249581633,0.305923249581633,Vietnam,Rv1448c,tal
2242,750397A,0.308703379697147,0.308703379697147,0.308703379697147,Botswana,Rv0654,
1452,1886275C,0.310667592149528,0.310667592149528,0.310667592149528,Rusia,Rv1662,pks8
2846,701719G,0.310703928806712,0.310703928806712,0.310703928806712,Georgia,Rv0605,
2014,3617541T,0.31217899582061,0.31217899582061,0.31217899582061,Thailand,Rv3239c,
713,793642T,0.312747376240141,0.312747376240141,0.312747376240141,Indonesia,Rv0694,lldD1
2613,55704T,0.316257613887413,0.316257613887413,0.316257613887413,Peru,Rv0051,
3302,3680932A,0.31646719823876,0.31646719823876,0.31646719823876,Moldova,Rv3296,lhr
6733,635021C,0.320814688253745,0.320814688253745,0.320814688253745,China,Rv0542c,menE
2659,4023911G,0.325160222062442,0.325160222062442,0.325160222062442,Moldova,Rv3581c,ispF
3228,3460335G,0.325359097544791,0.325359097544791,0.325359097544791,Moldova,Rv3091,
947,3191024G,0.338570411615669,0.338570411615669,0.338570411615669,Ukraine,Rv2881c,cdsA
580,1849134C,0.341700095376948,0.341700095376948,0.341700095376948,Paraguay,Rv1640c,lysS
6093,99166T,0.342799207238078,0.342799207238078,0.342799207238078,China,Rv0090,
2518,554511C,0.347002484659474,0.347002484659474,0.347002484659474,Vietnam,Rv0464c,
1855,4247429G,0.352399185454502,0.352399185454502,0.352399185454502,Georgia,Rv3795,embB
2782,511204G,0.354231031654948,0.354231031654948,0.354231031654948,Georgia,Rv0425c,ctpH
2169,4046007T,0.355861395616835,0.355861395616835,0.355861395616835,Peru,Rv3603c,
2941,1179069A,0.360119381730918,0.360119381730918,0.360119381730918,Georgia,IG1073_Rv1056-Rv1057,
2554,453636T,0.361043762739027,0.361043762739027,0.361043762739027,UK,Rv0376c,
359,3226852T,0.364269387843433,0.364269387843433,0.364269387843433,Paraguay,Rv2917,
6777,781687G,0.371650541513262,0.371650541513262,0.371650541513262,China,Rv0682,rpsL
2905,46996T,0.371994368306946,0.371994368306946,0.371994368306946,Malawi,Rv0042c,
2686,1473246G,0.372422608424154,0.372422608424154,0.372422608424154,Moldova,IG_rrs-16sRNA,
2966,3512571T,0.372592429633168,0.372592429633168,0.372592429633168,Moldova,Rv3146,nuoB
1356,116253T,0.373907377948641,0.373907377948641,0.373907377948641,Botswana,Rv0101,nrp
2393,2983984G,0.379941304336713,0.379941304336713,0.379941304336713,Botswana,Rv2667,clpC2
1478,2871967A,0.382587178280137,0.382587178280137,0.382587178280137,Valencia,Rv2552c,aroE
2050,640126T,0.382975285888506,0.382975285888506,0.382975285888506,Moldova,IG556_Rv0548c-Rv0549c,
3832,497383T,0.391201942753094,0.391201942753094,0.391201942753094,Moldova,Rv0411c,glnH
2960,2578045A,0.395200968687969,0.395200968687969,0.395200968687969,Malawi,Rv2307c,
1157,1382503G,0.39922524101502,0.39922524101502,0.39922524101502,Rusia,Rv1239c,corA
1368,79219T,0.404458135933167,0.404458135933167,0.404458135933167,Valencia,IG70_Rv0070c-Rv0071,
1071,4349082A,0.420317158820467,0.420317158820467,0.420317158820467,Australia,Rv3871,
2739,3830104G,0.422988151734137,0.422988151734137,0.422988151734137,Peru,Rv3411c,guaB2
1881,1055155T,0.431862368178376,0.431862368178376,0.431862368178376,Thailand,Rv0946c,pgi
3329,841413A,0.440292121219424,0.440292121219424,0.440292121219424,Moldova,Rv0749,
1258,3398432A,0.440481691680639,0.440481691680639,0.440481691680639,Tanzania,Rv3038c,
2525,3127926A,0.241893122863168,0.967572491452671,0.442644964747483,Georgia,Rv2820c,
2900,3127926A,0.331983723560612,1.0,0.442644964747483,Georgia,Rv2820c,
1951,2179247T,0.444762215734829,0.444762215734829,0.444762215734829,Moldova,Rv1926c,mpt63
839,87227T,0.446421263186636,0.446421263186636,0.446421263186636,Ukraine,Rv0078A,
2974,54012A,0.448976059802209,0.448976059802209,0.448976059802209,Georgia,Rv0050,ponA1
3714,4370758A,0.452532834323095,0.452532834323095,0.452532834323095,Moldova,Rv3887c,
2774,2968381G,0.45403733470768,0.45403733470768,0.45403733470768,Georgia,Rv2643,arsC
945,541054C,0.454903891404421,0.454903891404421,0.454903891404421,Ukraine,Rv0450c,mmpL4
2401,51172A,0.455227506342831,0.455227506342831,0.455227506342831,Botswana,IG46_Rv0046c-Rv0047c,
3259,137547G,0.457833411876058,0.457833411876058,0.457833411876058,Moldova,Rv0113,gmhA
2240,2401986A,0.461251548417161,0.461251548417161,0.461251548417161,Vietnam,IG2172_Rv2141c-Rv2142c,
1071,3135636C,0.461395766827389,0.461395766827389,0.461395766827389,Rusia,IG2872_Rv2827c-Rv2828c,
3341,3568658C,0.463316313295058,0.463316313295058,0.463316313295058,Moldova,Rv3197A,whiB7
973,3895884T,0.466515942864933,0.466515942864933,0.466515942864933,Rusia,Rv3479,
4140,332148G,0.474986217907349,0.474986217907349,0.474986217907349,Peru,Rv0276,
3236,2100856T,0.47896317880469,0.47896317880469,0.47896317880469,Moldova,Rv1852,ureG
2101,2900308C,0.481325501180453,0.481325501180453,0.481325501180453,Thailand,Rv2576c,
1643,2663678A,0.484904788896413,0.484904788896413,0.484904788896413,Botswana,Rv2380c,mbtE
402,1796330A,0.485253540879908,0.485253540879908,0.485253540879908,Canada,Rv1595,nadB
404,685437C,0.48659938915613,0.48659938915613,0.48659938915613,Canada,Rv0587,yrbE2A
860,288330T,0.491670425739995,0.491670425739995,0.491670425739995,Japan,Rv0237,lpqI
434,1000086A,0.5,0.5,0.5,Greenland,Rv0896,gltA
2990,2118865A,0.5,0.5,0.5,Malawi,Rv1868,
429,450500G,0.5,0.5,0.5,Paraguay,Rv0373c,
1054,2266721A,0.5,0.5,0.5,Rusia,IG2052_Rv2020c-Rv2021c,
2154,1673425T,0.5,0.5,0.5,Georgia,IG1506_Rv1482c-Rv1483,
2832,3127926G,0.255050904153963,0.510101808307926,0.510101808307926,Georgia,Rv2820c,
2051,2131035C,0.514186496167617,0.514186496167617,0.514186496167617,Valencia,Rv1880c,cyp140
1094,2202161C,0.514426573036828,0.514426573036828,0.514426573036828,Ukraine,Rv1956,
1455,1287081T,0.525842991969146,0.525842991969146,0.525842991969146,Thailand,IG1181_Rv1160-Rv1161,
2571,3092678A,0.528318655571804,0.528318655571804,0.528318655571804,UK,IG2828_Rv2783c-Rv2784c,
4076,2193891G,0.528534648266394,0.528534648266394,0.528534648266394,Peru,Rv1941,
2480,266009C,0.532089784683712,0.532089784683712,0.532089784683712,Botswana,Rv0222,echA1
2786,1077666T,0.532853479156815,0.532853479156815,0.532853479156815,Georgia,Rv0966c,
971,2531964G,0.533484057135067,0.533484057135067,0.533484057135067,Rusia,IG2291_Rv2258c-Rv2259,
1470,3272270C,0.538420114242031,0.538420114242031,0.538420114242031,Botswana,Rv2936,drrA
3512,2537843T,0.53864269933511,0.53864269933511,0.53864269933511,Moldova,Rv2264c,
2050,1929848A,0.543199705284519,0.543199705284519,0.543199705284519,Thailand,Rv1704c,cycA
2788,3127926A,0.54596266529232,1.0,0.54596266529232,Georgia,Rv2820c,
858,670522T,0.547453213138785,0.547453213138785,0.547453213138785,Tanzania,Rv0576,
3526,2006552G,0.548225353019017,0.548225353019017,0.548225353019017,Malawi,IG1802_Rv1771-Rv1772,
427,2010130A,0.554173214071605,0.554173214071605,0.554173214071605,Greenland,Rv1776c,
2193,4405450T,0.558895626453968,0.558895626453968,0.558895626453968,Thailand,IG3981_Rv3916c-Rv3917c,
2296,3517669T,0.561115858371907,0.561115858371907,0.561115858371907,Thailand,Rv3151,nuoG
878,640126T,0.563269360821387,0.563269360821387,0.563269360821387,Ukraine,IG556_Rv0548c-Rv0549c,
2910,1955763A,0.102416382349567,1.0,0.563290102922617,Georgia,Rv1730c,
2511,4003992A,0.575028446388688,0.575028446388688,0.575028446388688,Moldova,Rv3562,fadE31
2698,1671313G,0.577814941561454,0.577814941561454,0.577814941561454,Moldova,Rv1480,
2706,164680T,0.583736012547221,0.583736012547221,0.583736012547221,Peru,Rv0136,cyp138
482,2035731C,0.587870229965824,0.587870229965824,0.587870229965824,Kenya,Rv1797,
1593,959963T,0.589079277702706,0.589079277702706,0.589079277702706,Botswana,Rv0861c,ercc3
2290,2627948G,0.595615777929275,0.595615777929275,0.595615777929275,Malawi,Rv2349c,plcC
3503,4124279C,0.597601595001043,0.597601595001043,0.597601595001043,Moldova,Rv3682,ponA2
2040,2867538G,0.604719275717483,1.0,0.604719275717483,Moldova,Rv2544,lppB
2106,1760859C,0.613524106459632,0.613524106459632,0.613524106459632,Thailand,Rv1555,frdD
1548,1704929A,0.615771621420524,0.615771621420524,0.615771621420524,Ukraine,Rv1512,epiA
2047,2759867C,0.616787885079006,0.616787885079006,0.616787885079006,Botswana,Rv2458,mmuM
3568,526G,0.622509644892704,0.622509644892704,0.622509644892704,Malawi,Rv0001,dnaA
365,4383754G,0.624700254096876,0.624700254096876,0.624700254096876,Greenland,Rv3898c,
1555,3568759G,0.627851469595263,0.627851469595263,0.627851469595263,Ukraine,IG3249_Rv3197A-Rv3198c,
1888,38778A,0.633400117268541,0.633400117268541,0.633400117268541,Malawi,Rv0035,fadD34
2952,1955763A,0.174363938715232,1.0,0.639334441955852,Georgia,Rv1730c,
6799,516191T,0.639962677264662,0.639962677264662,0.639962677264662,China,Rv0427c,xthA
4113,3464518T,0.659359865268128,0.659359865268128,0.659359865268128,Peru,IG3146_Rv3095-Rv3096,
2649,3167754T,0.661214293245235,0.661214293245235,0.661214293245235,Peru,Rv2856,nicT
1651,2731606A,0.662089637418901,0.662089637418901,0.662089637418901,Georgia,Rv2435c,
2904,3127926G,0.668016276439388,1.0,0.668016276439388,Georgia,Rv2820c,
1924,1473246G,0.671259328582622,0.671259328582622,0.671259328582622,Georgia,IG_rrs-16sRNA,
1922,966883C,0.671554516809891,0.671554516809891,0.671554516809891,Georgia,Rv0869c,moaA
768,1927837G,0.672264844202317,0.672264844202317,0.672264844202317,Tanzania,Rv1702c,
1600,856015G,0.672363062957829,0.672363062957829,0.672363062957829,Botswana,Rv0762c,
2770,2511371G,0.673972029653833,0.673972029653833,0.673972029653833,Georgia,Rv2239c,
2041,2876599A,0.674972320725549,0.674972320725549,0.674972320725549,Thailand,Rv2556c,
3253,109247T,0.678502634717594,0.678502634717594,0.678502634717594,Malawi,Rv0099,fadD10
2029,49467T,0.678639749472346,0.678639749472346,0.678639749472346,Thailand,Rv0045c,
2123,1852224A,0.680720583070248,0.680720583070248,0.680720583070248,Valencia,IG1669_Rv1640c-Rv1641,
3339,2569846C,0.68563795642835,0.68563795642835,0.68563795642835,Moldova,Rv2298,
1920,4137219G,0.68611427561485,0.68611427561485,0.68611427561485,Georgia,Rv3695,
6706,153511T,0.688202365661224,0.688202365661224,0.688202365661224,China,Rv0126,treS
2347,4011750G,0.688261989896386,0.688261989896386,0.688261989896386,Moldova,Rv3570c,
576,1715415A,0.689644930092348,0.689644930092348,0.689644930092348,Paraguay,Rv1522c,mmpL12
2199,618056C,0.689802634195042,0.689802634195042,0.689802634195042,Thailand,Rv0527,ccdA
1917,1955763A,0.31388572438515,1.0,0.690548593647329,Georgia,Rv1730c,
1877,1955763A,0.306913054793778,1.0,0.690548593647329,Georgia,Rv1730c,
1955,4218234A,0.691067281901357,0.691067281901357,0.691067281901357,Moldova,IG3837_Rv3772-Rv3773c,
944,1343266T,0.700661276898374,0.700661276898374,0.700661276898374,Japan,Rv1200,
3597,2123169T,0.70744479509009,0.70744479509009,0.70744479509009,Peru,IG1902_Rv1872c-Rv1873,
3201,2195928C,0.709059775891263,0.709059775891263,0.709059775891263,Malawi,Rv1944c,
3091,2330536G,0.725874038699135,0.725874038699135,0.725874038699135,Peru,Rv2073c,
3502,868402T,0.72603704104667,0.72603704104667,0.72603704104667,Moldova,IG789_Rv0774c-Rv0775,
2680,3611761T,0.733826653921628,0.733826653921628,0.733826653921628,Georgia,Rv3235,
2000,565334T,0.737609016014984,0.737609016014984,0.737609016014984,Moldova,Rv0474,
5630,2057546T,0.744213185133278,0.744213185133278,0.744213185133278,China,Rv1815,
2577,2747151C,0.745427547457437,0.745427547457437,0.745427547457437,Georgia,Rv2447c,folC
961,4241357C,0.749330943748821,0.749330943748821,0.749330943748821,Japan,Rv3793,embC
3717,593648A,0.75,0.75,0.75,Peru,Rv0502,
1730,2114465T,0.75,0.75,0.75,Botswana,Rv1866,
1828,799857T,0.75,0.75,0.75,Botswana,IG711_Rv0699-Rv0700,
1085,3447507A,0.75272297850763,0.75272297850763,0.75272297850763,Rusia,Rv3082c,virS
355,2069880T,0.754888441606733,0.754888441606733,0.754888441606733,Greenland,Rv1823,
2459,2717774C,0.760855611202616,0.760855611202616,0.760855611202616,Georgia,Rv2419c,
2199,1981483G,0.763713888619913,0.763713888619913,0.763713888619913,Vietnam,Rv1752,
607,861437T,0.770807814680068,0.770807814680068,0.770807814680068,Kenya,Rv0768,aldA
2055,173190C,0.777073091154249,0.777073091154249,0.777073091154249,Georgia,IG147_Rv0146-Rv0147,
3093,4372567A,0.780124945726727,0.780124945726727,0.780124945726727,Moldova,Rv3888c,
287,4207481A,0.781604832053478,0.781604832053478,0.781604832053478,Canada,Rv3762c,
287,3858595T,0.783372976789415,0.783372976789415,0.783372976789415,Greenland,Rv3439c,
2093,276525T,0.784943883003912,0.784943883003912,0.784943883003912,Valencia,Rv0231,fadE4
972,2777043A,0.785223287477277,0.785223287477277,0.785223287477277,Mozambique,Rv2475c,
2835,1955763A,0.459303152650081,1.0,0.785714285714286,Georgia,Rv1730c,
2983,1955763A,0.5,1.0,0.785714285714286,Georgia,Rv1730c,
2271,959578G,0.787415203627293,0.787415203627293,0.787415203627293,Malawi,Rv0861c,ercc3
1439,798563G,0.788813508353257,0.788813508353257,0.788813508353257,Rusia,IG709_Rv0697-Rv0698,
2169,2487932A,0.790868840002407,0.790868840002407,0.790868840002407,Moldova,Rv2220,glnA1
2925,1287172T,0.791144091123311,0.791144091123311,0.791144091123311,Vietnam,IG1181_Rv1160-Rv1161,
3035,852871C,0.794815333241876,0.794815333241876,0.794815333241876,Moldova,Rv0758,phoR
370,3278159G,0.797931363274438,0.797931363274438,0.797931363274438,Paraguay,Rv2940c,mas
1512,3336764T,0.799612515896589,0.799612515896589,0.799612515896589,Botswana,IG3028_Rv2980-Rv2981c,
4856,3567986A,0.812832958189001,0.812832958189001,0.812832958189001,China,Rv3197,
2125,3113133C,0.813763703336804,0.813763703336804,0.813763703336804,Malawi,Rv2805,
1249,1963309A,0.815508455430211,0.815508455430211,0.815508455430211,Tanzania,Rv1736c,narX
2299,1186547T,0.817940799147173,0.817940799147173,0.817940799147173,Thailand,Rv1063c,
4151,824362C,0.822041158125209,0.822041158125209,0.822041158125209,Peru,Rv0731c,
358,965525T,0.82207982278758,0.82207982278758,0.82207982278758,Paraguay,Rv0867c,rpfA
2723,1955763A,0.601783804742088,1.0,0.827452731520371,Georgia,Rv1730c,
3978,3167862A,0.828281801931043,0.828281801931043,0.828281801931043,Peru,IG2901_Rv2856-Rv2857c,
3306,1590072A,0.830372977869134,0.830372977869134,0.830372977869134,Malawi,Rv1414,
2165,2895272A,0.831133734239839,0.831133734239839,0.831133734239839,Peru,Rv2571c,
895,2474639A,0.833099187875971,0.833099187875971,0.833099187875971,Tanzania,Rv2209,
2070,3668233A,0.843839648506651,0.843839648506651,0.843839648506651,Malawi,Rv3286c,sigF
1281,2382776A,0.84731336654786,0.84731336654786,0.84731336654786,Botswana,Rv2124c,metH
3194,479457A,0.851119017098739,0.851119017098739,0.851119017098739,Moldova,Rv0400c,fadE7
5757,99166C,0.853553390593274,0.853553390593274,0.853553390593274,China,Rv0090,
2620,1015906C,0.854875648887819,0.854875648887819,0.854875648887819,Moldova,Rv0911,
3630,1691473G,0.860777114697114,0.860777114697114,0.860777114697114,Malawi,Rv1500,
1166,3336764T,0.867631561290121,0.867631561290121,0.867631561290121,Tanzania,IG3028_Rv2980-Rv2981c,
1608,331588A,0.87186784882774,0.87186784882774,0.87186784882774,Botswana,Rv0275c,
1872,808453G,0.872553643662907,0.872553643662907,0.872553643662907,Malawi,Rv0711,atsA
6218,923090T,0.877726055129894,0.877726055129894,0.877726055129894,China,Rv0831c,
1514,3823873A,0.882254786053997,0.882254786053997,0.882254786053997,Botswana,IG3462_Rv3403c-Rv3404c,
2141,4349526C,0.882733268944971,0.882733268944971,0.882733268944971,Botswana,Rv3871,
4159,4040746A,0.884575155138804,0.884575155138804,0.884575155138804,Peru,IG3656_Rv3596c-Rv3597c,
3396,2039125C,0.888132988773843,0.888132988773843,0.888132988773843,Malawi,IG1828_Rv1798-Rv1799,
2651,2706668A,0.888273837641833,0.888273837641833,0.888273837641833,Georgia,Rv2408,
2285,2187620T,0.897132683507967,0.897132683507967,0.897132683507967,Georgia,Rv1936,
2696,2411948C,0.897583617650433,0.897583617650433,0.897583617650433,Moldova,Rv2152c,murC
3035,513620A,0.898484191447885,0.898484191447885,0.898484191447885,Malawi,Rv0425c,ctpH
2593,4137219G,0.905095746833467,0.905095746833467,0.905095746833467,Moldova,Rv3695,
4065,47131T,0.907041450294308,0.907041450294308,0.907041450294308,Peru,Rv0042c,
2652,1009610A,0.916375628035074,0.916375628035074,0.916375628035074,Peru,Rv0906,
2199,1773419A,0.918269834256396,0.918269834256396,0.918269834256396,Botswana,Rv1565c,
1813,1052931T,0.921061693549512,0.921061693549512,0.921061693549512,Georgia,Rv0943c,
1113,2627684A,0.921104518889263,0.921104518889263,0.921104518889263,Ukraine,Rv2349c,plcC
959,4175225C,0.922068844098802,0.922068844098802,0.922068844098802,Tanzania,Rv3728,
2603,2895578G,0.924470958433572,0.924470958433572,0.924470958433572,Georgia,Rv2571c,
2471,195486G,0.92627831623918,0.92627831623918,0.92627831623918,Botswana,Rv0166,fadD5
1487,1530313C,0.930182950138819,0.930182950138819,0.930182950138819,Rusia,Rv1359,
1895,764616G,0.931919948863545,0.931919948863545,0.931919948863545,Botswana,Rv0668,rpoC
3570,3910354A,0.940039725790313,0.940039725790313,0.940039725790313,Malawi,Rv3491,
1261,786590C,0.940235549961088,0.940235549961088,0.940235549961088,Tanzania,Rv0686,
2163,704020C,0.94204931752171,0.94204931752171,0.94204931752171,Peru,Rv0609A,
1146,1620858G,0.946154331519068,0.946154331519068,0.946154331519068,Rusia,Rv1442,bisC
2392,1505499T,0.946636035735214,0.946636035735214,0.946636035735214,Moldova,Rv1338,murI
2229,3214077A,0.947481725335612,0.947481725335612,0.947481725335612,Peru,Rv2904c,rplS
3245,2247093G,0.949112532773906,0.949112532773906,0.949112532773906,Moldova,Rv2001,
2579,4235607G,0.951843009816079,0.951843009816079,0.951843009816079,Moldova,Rv3789,
2092,156256A,0.955058971001181,0.955058971001181,0.955058971001181,Moldova,Rv0128,
295,2247634G,0.96750704482894,1.0,0.96750704482894,Greenland,IG2033_Rv2001-Rv2002,
2393,2423028A,0.97412050184108,0.97412050184108,0.97412050184108,Moldova,Rv2161c,
3478,570091C,0.974312784577816,0.974312784577816,0.974312784577816,Malawi,Rv0481c,
2998,4026696G,0.975015824362957,0.975015824362957,0.975015824362957,Peru,Rv3585,radA
2869,31916C,0.976037902781055,0.976037902781055,0.976037902781055,Malawi,IG28_Rv0028-Rv0029,
3192,3437387A,0.97661608060625,0.97661608060625,0.97661608060625,Malawi,Rv3074,
624,3489013G,0.979641599078724,0.979641599078724,0.979641599078724,Kenya,Rv3123,
2494,3591306T,0.984031926744819,0.984031926744819,0.984031926744819,Moldova,Rv3213c,
1959,691388T,0.984091569359293,0.984091569359293,0.984091569359293,Georgia,Rv0592,mce2D
325,1343197A,0.989465735686029,0.989465735686029,0.989465735686029,Canada,Rv1200,
1773,1955763A,0.833098121855177,1.0,0.989786035493022,Georgia,Rv1730c,
2488,1955763A,0.963323711860988,1.0,0.989786035493022,Georgia,Rv1730c,
1810,1955763A,0.989786035493022,1.0,0.989786035493022,Georgia,Rv1730c,
3249,3703922G,0.991268161176008,0.991268161176008,0.991268161176008,Moldova,IG3373_Rv3315c-Rv3316,
1975,2075331G,0.993786449343077,0.993786449343077,0.993786449343077,Moldova,Rv1830,
1085,4137219G,0.994819946709408,0.994819946709408,0.994819946709408,Ukraine,Rv3695,
4057,3153725G,0.997846398187999,0.997846398187999,0.997846398187999,Peru,Rv2846c,efpA
952,4060100G,,,,Australia,Rv3619c,esxV
1100,4049798A,,,,Australia,Rv3608c,folP1
1118,1462707A,,,,Australia,Rv1307,atpH
1002,1978694T,,,,Australia,Rv1750c,fadD1
628,2559745A,,,,Bangladesh,Rv2287,yjcE
2677,908186T,,,,Vietnam,Rv0814c,sseC2
2967,3257724C,,,,Vietnam,Rv2933,ppsC
2447,85316A,,,,Vietnam,Rv0076c,
2736,1920058T,,,,Vietnam,Rv1696,recN
2663,3958192A,,,,Vietnam,Rv3521,
2438,1962302C,,,,Vietnam,Rv1736c,narX
2451,3310427C,,,,Vietnam,IG3004_Rv2957-Rv2958c,
2692,2830350T,,,,Vietnam,Rv2513,
2175,2627899A,,,,Vietnam,Rv2349c,plcC
2506,2382776C,,,,Vietnam,Rv2124c,metH
2898,2288751T,,,,Vietnam,Rv2043c,pncA
2748,4321489C,,,,Vietnam,IG3911_Rv3846-Rv3847,
2589,2863030C,,,,Vietnam,Rv2539c,aroK
2951,4141116C,,,,Vietnam,Rv3698,
2443,4173695C,,,,Vietnam,Rv3727,
2954,598419A,,,,Vietnam,Rv0507,mmpL2
2537,3295833A,,,,Vietnam,Rv2946c,pks1
2873,705206G,,,,Vietnam,Rv0610c,
2666,3876881G,,,,Vietnam,Rv3455c,truA
2937,937262T,,,,Vietnam,Rv0840c,pip
2464,3023371G,,,,Vietnam,Rv2710,sigB
2657,2496857T,,,,Vietnam,Rv2224c,
2440,4366235A,,,,Vietnam,Rv3884c,
1980,2626095G,,,,Botswana,Rv2346c,esxO
2025,639267A,,,,Botswana,Rv0548c,menB
2323,562101G,,,,Botswana,Rv0470A,
2426,668142A,,,,Botswana,Rv0574c,
2202,3221350G,,,,Botswana,Rv2913c,
2381,415483A,,,,Botswana,IG348_Rv0345-Rv0346c,
2427,1900570T,,,,Botswana,Rv1675c,
2220,173078C,,,,Botswana,Rv0146,
1545,4080T,,,,Botswana,Rv0003,recF
2054,1184504A,,,,Botswana,Rv1061,
2002,2901377A,,,,Botswana,Rv2577,
1294,1701070A,,,,Botswana,Rv1509,
1625,2195098T,,,,Botswana,Rv1943c,
2400,2819977A,,,,Botswana,Rv2505c,fadD35
2221,3773429G,,,,Botswana,Rv3361c,
2447,3630362A,,,,Botswana,Rv3249c,
2223,2003556T,,,,Botswana,Rv1769,
1526,4119982G,,,,Botswana,Rv3680,
1896,4292805A,,,,Botswana,Rv3824c,papA1
1659,2337963C,,,,Botswana,IG2113_Rv2080-Rv2081c,
1453,1874154A,,,,Botswana,IG1688_Rv1659-Rv1660,
1490,1323187C,,,,Botswana,Rv1183,mmpL10
2568,1955763A,,,,Georgia,Rv1730c,
2611,1955763A,,,,Georgia,Rv1730c,
2748,1955763A,,,,Georgia,Rv1730c,
2917,7582G,,,,Georgia,Rv0006,gyrA
1941,761155C,,,,Georgia,Rv0667,rpoB
2792,761155C,,,,Georgia,Rv0667,rpoB
1838,4247429G,,,,Georgia,Rv3795,embB
2574,4247429G,,,,Georgia,Rv3795,embB
1912,3127926A,,,,Georgia,Rv2820c,
2877,3127926A,,,,Georgia,Rv2820c,
2998,3127926A,,,,Georgia,Rv2820c,
2608,7570T,,,,Georgia,Rv0006,gyrA
1541,3127926G,,,,Georgia,Rv2820c,
2477,3127926G,,,,Georgia,Rv2820c,
2019,4243217T,,,,Georgia,IG3858_Rv3793-Rv3794,
2967,2626189A,,,,Georgia,IG2385_Rv2346c-Rv2347c,
2617,2867298C,,,,Georgia,Rv2544,lppB
1554,3622517C,,,,Georgia,Rv3243c,
2717,762286A,,,,Georgia,Rv0667,rpoB
1600,2731606A,,,,Georgia,Rv2435c,
1558,4154073A,,,,Georgia,Rv3710,leuA
1891,1815763C,,,,Georgia,Rv1616,
1974,2296613G,,,,Georgia,Rv2048c,pks12
2715,764660A,,,,Georgia,Rv0668,rpoC
2895,3521465A,,,,Georgia,Rv3154,nuoJ
1687,619861G,,,,Georgia,Rv0528,
2863,273068G,,,,Georgia,Rv0228,
1583,3919111G,,,,Georgia,Rv3499c,mce4A
2271,1303095G,,,,Georgia,Rv1173,fbiC
2785,2613533C,,,,Georgia,Rv2338c,moeW
2428,3436382T,,,,Georgia,Rv3073c,
1882,2148151G,,,,Georgia,Rv1901,cinA
1720,2102417A,,,,Georgia,Rv1854c,ndh
2865,3157906C,,,,Georgia,Rv2849c,cobO
1931,1962975C,,,,Georgia,Rv1736c,narX
2341,2247012T,,,,Georgia,Rv2001,
2370,9395A,,,,Georgia,Rv0006,gyrA
2868,3253552A,,,,Georgia,Rv2932,ppsB
2335,2473933A,,,,Georgia,Rv2209,
2413,4151550C,,,,Georgia,Rv3708c,asd
2473,4284268A,,,,Georgia,Rv3819,
2090,4033569C,,,,Georgia,Rv3591c,
1732,86781A,,,,Georgia,Rv0078,
2808,4126534T,,,,Georgia,IG3745_Rv3684-Rv3685c,
1702,1143928C,,,,Georgia,Rv1022,lpqU
2630,2669349T,,,,Georgia,Rv2381c,mbtD
2745,3159337G,,,,Georgia,Rv2850c,
2875,144148A,,,,Georgia,Rv0119,fadD7
1816,1099593A,,,,Georgia,Rv0983,pepD
1826,1887833C,,,,Georgia,Rv1663,pks17
1557,2810518T,,,,Georgia,Rv2496c,pdhB
2447,2894895C,,,,Georgia,Rv2571c,
2478,4266900G,,,,Georgia,IG3869_Rv3804c-Rv3805c,
2582,90006G,,,,Georgia,Rv0082,
1972,1584497G,,,,Georgia,IG1430_Rv1407-Rv1408,
2784,851072G,,,,Georgia,Rv0756c,
2171,676304A,,,,Georgia,Rv0579,
2906,2314041C,,,,Georgia,IG2086_Rv2054-Rv2055c,
2691,3186658G,,,,Georgia,Rv2874,dipZ
2587,1231216C,,,,Georgia,Rv1103c,
2872,1503763A,,,,Georgia,Rv1336,cysM
1596,4183259G,,,,Georgia,Rv3732,
2315,1704929A,,,,Georgia,Rv1512,epiA
1970,14580C,,,,Georgia,Rv0012,
2737,3138887T,,,,Georgia,Rv2832c,ugpC
1759,1853001G,,,,Georgia,Rv1642,rpmI
315,4009579T,,,,Canada,Rv3568c,bphC
278,3576771A,,,,Canada,Rv3201c,
347,3485792T,,,,Canada,Rv3120,
376,4188015C,,,,Canada,Rv3737,
374,3214322A,,,,Canada,IG2949_Rv2904c-Rv2905,
290,1322176T,,,,Canada,Rv1183,mmpL10
411,4292239T,,,,Canada,Rv3824c,papA1
451,1943629T,,,,Canada,Rv1716,
361,2108601G,,,,Canada,Rv1860,apa
433,1600425T,,,,Canada,Rv1425,
412,2021938C,,,,Canada,Rv1784,
348,217102G,,,,Canada,Rv0186,bglS
356,1842942T,,,,Canada,Rv1637c,
291,1287916A,,,,Canada,Rv1161,narG
5337,99166T,,,,China,Rv0090,
6438,99166T,,,,China,Rv0090,
6556,99166T,,,,China,Rv0090,
5567,99166C,,,,China,Rv0090,
3888,3594395A,,,,China,IG3271_Rv3217c-Rv3218,
5725,2532176G,,,,China,IG2291_Rv2258c-Rv2259,
3868,4407282A,,,,China,Rv3918c,parA
6366,2139346T,,,,China,Rv1890c,
4342,97611A,,,,China,IG89_Rv0088-Rv0089,
6855,1483587G,,,,China,Rv1320c,
6150,3901103C,,,,China,Rv3481c,
4638,1266897G,,,,China,Rv1139c,
6087,3171567C,,,,China,Rv2859c,
5895,2382776C,,,,China,Rv2124c,metH
5268,2981438A,,,,China,Rv2661c,
5247,2318119G,,,,China,Rv2062c,cobN
6315,484005T,,,,China,Rv0404,fadD30
6858,3431190A,,,,China,Rv3066,
5029,3084423T,,,,China,IG2821_Rv2776c-Rv2777c,
5977,1134942G,,,,China,Rv1016c,lpqT
6511,2496857T,,,,China,Rv2224c,
5107,3684649A,,,,China,Rv3299c,atsB
6526,3570602C,,,,China,Rv3198c,uvrD2
3046,1558290T,,,,UK,Rv1384,carB
1593,4304938G,,,,UK,Rv3829c,
2706,4403925T,,,,UK,Rv3915,
2181,669206A,,,,UK,Rv0575c,
2550,2141185T,,,,UK,Rv1894c,
3068,4289865A,,,,UK,Rv3823c,mmpL8
2555,1860967C,,,,UK,Rv1650,pheT
2815,1370424G,,,,UK,Rv1227c,
2224,4191582A,,,,UK,Rv3740c,
1998,3621678G,,,,UK,Rv3242c,
2883,3577920T,,,,UK,Rv3202c,
3337,331588A,,,,Moldova,Rv0275c,
2632,1473246G,,,,Moldova,IG_rrs-16sRNA,
2103,761155T,,,,Moldova,Rv0667,rpoB
3802,2531964G,,,,Moldova,IG2291_Rv2258c-Rv2259,
2225,2626004G,,,,Moldova,Rv2346c,esxO
2947,2339255G,,,,Moldova,Rv2082,
3830,2694953A,,,,Moldova,Rv2397c,cysA1
2665,2411948C,,,,Moldova,Rv2152c,murC
2601,3073679A,,,,Moldova,IG2808_Rv2763c-Rv2764c,
2413,4187724T,,,,Moldova,Rv3737,
2101,1833451G,,,,Moldova,IG1657_Rv1629-Rv1630,
3284,1600137C,,,,Moldova,Rv1425,
2082,2331924A,,,,Moldova,Rv2075c,
2308,817527T,,,,Moldova,Rv0724,sppA
3530,1945439G,,,,Moldova,Rv1718,
2510,3204924C,,,,Moldova,Rv2895c,viuB
2405,206373T,,,,Moldova,Rv0174,mce1F
2036,244220T,,,,Moldova,Rv0205,
3494,1591986T,,,,Moldova,Rv1416,ribH
2085,2898416T,,,,Moldova,Rv2573,
2462,3056742A,,,,Moldova,Rv2743c,
3793,618T,,,,Moldova,Rv0001,dnaA
2205,4407946G,,,,Moldova,Rv3919c,gidB
3276,2266899A,,,,Moldova,Rv2021c,
1998,795779G,,,,Moldova,Rv0696,
2576,1853001G,,,,Moldova,Rv1642,rpmI
2063,1234971T,,,,Moldova,Rv1108c,xseA
2924,231035G,,,,Moldova,Rv0195,
3177,2611682C,,,,Moldova,Rv2336,
2286,1431448G,,,,Moldova,Rv1279,
3477,2613086T,,,,Moldova,IG2376_Rv2337c-Rv2338c,
3505,1581137C,,,,Moldova,IG1427_Rv1404-Rv1405c,
2464,4057767G,,,,Moldova,Rv3617,ephA
3040,866086C,,,,Moldova,Rv0773c,ggtA
2061,3991660A,,,,Moldova,Rv3553,
3833,2890302A,,,,Moldova,Rv2567,
2673,3561305C,,,,Moldova,Rv3193c,
2471,3244232G,,,,Moldova,Rv2930,fadD26
2213,1816637T,,,,Moldova,Rv1617,pykA
2637,2014623G,,,,Moldova,IG1810_Rv1779c-Rv1780,
2227,1105576G,,,,Moldova,Rv0988,
3772,1861152G,,,,Moldova,Rv1650,pheT
3100,4392270C,,,,Moldova,Rv3907c,pcnA
2389,2588864A,,,,Moldova,Rv2316,uspA
3275,4269721A,,,,Moldova,Rv3806c,
2266,4132511C,,,,Moldova,IG3751_Rv3690-Rv3691,
3447,2554601T,,,,Moldova,Rv2281,pitB
3506,4004866T,,,,Moldova,Rv3563,fadE32
432,1332733A,,,,Greenland,Rv1189,sigI
389,559774C,,,,Greenland,IG472_Rv0468-Rv0469,
396,4167643T,,,,Greenland,Rv3722c,
421,744080T,,,,Greenland,Rv0648,
395,1796735A,,,,Greenland,Rv1595,nadB
382,3471971A,,,,Greenland,Rv3104c,
242,2300546A,,,,Greenland,Rv2048c,pks12
339,2461309A,,,,Greenland,Rv2196,qcrB
344,1337842A,,,,Greenland,Rv1194c,
399,91047T,,,,Greenland,Rv0083,
333,2646547T,,,,Greenland,Rv2364c,era
248,714038A,,,,Greenland,IG630_Rv0620-Rv0621,
692,3983542T,,,,Japan,Rv3544c,fadE28
846,880639G,,,,Japan,Rv0785,
1027,126793T,,,,Japan,Rv0107c,ctpI
918,2142248A,,,,Japan,IG1925_Rv1894c-Rv1895,
951,170324G,,,,Japan,Rv0144,
782,3141285G,,,,Japan,Rv2834c,ugpE
446,3135912C,,,,Kenya,Rv2828c,
512,885595A,,,,Kenya,Rv0791c,
397,545235T,,,,Kenya,IG457_Rv0454-Rv0455c,
499,3328131A,,,,Kenya,Rv2973c,recG
538,3868248T,,,,Kenya,IG3506_Rv3447c-Rv3448,
545,2279090T,,,,Kenya,IG2063_Rv2031c-Rv2032,
2435,3099094T,,,,Malawi,Rv2790c,ltp1
2504,2339611A,,,,Malawi,Rv2082,
3600,2625924C,,,,Malawi,Rv2346c,esxO
3670,4247729A,,,,Malawi,Rv3795,embB
3424,2667283A,,,,Malawi,Rv2381c,mbtD
2236,1472358T,,,,Malawi,IG_rrs-16sRNA,
3452,3559844A,,,,Malawi,Rv3192,
3161,314469T,,,,Malawi,Rv0262c,aac
2535,4378366T,,,,Malawi,Rv3894c,
2392,1759569T,,,,Malawi,Rv1553,frdB
2698,2293380G,,,,Malawi,Rv2047c,
2980,254518T,,,,Malawi,Rv0212c,nadR
2411,4184454C,,,,Malawi,Rv3733c,
3295,476944G,,,,Malawi,Rv0398c,
2093,3051974T,,,,Malawi,Rv2738c,
3652,667237T,,,,Malawi,Rv0573c,
2811,2950654A,,,,Malawi,Rv2624c,
3027,2210921A,,,,Malawi,Rv1967,mce3B
3586,2698815C,,,,Malawi,Rv2402,
3099,604794T,,,,Malawi,Rv0512,hemB
3669,1912013A,,,,Malawi,Rv1686c,
2457,1965376T,,,,Malawi,IG1767_Rv1737c-Rv1738,
3037,1383852C,,,,Malawi,Rv1240,mdh
3654,1411971T,,,,Malawi,Rv1264,
3589,1544673T,,,,Malawi,Rv1371,
3641,3777123A,,,,Malawi,Rv3365c,
3195,3855550C,,,,Malawi,Rv3436c,glmS
2118,2024741C,,,,Malawi,IG1816_Rv1785c-Rv1786,
1948,973178T,,,,Malawi,Rv0874c,
3112,1370424G,,,,Malawi,Rv1227c,
2385,3797981G,,,,Malawi,Rv3383c,idsB
3481,454357G,,,,Malawi,Rv0376c,
2071,668262G,,,,Malawi,Rv0574c,
2112,1397833A,,,,Malawi,Rv1251c,
2735,1545801T,,,,Malawi,Rv1372,
2405,1206124T,,,,Malawi,Rv1081c,
3675,2730341T,,,,Malawi,Rv2434c,
2525,4003655A,,,,Malawi,Rv3562,fadE31
2138,116253T,,,,Malawi,Rv0101,nrp
3390,3537059A,,,,Malawi,Rv3168,
2026,3267581A,,,,Malawi,Rv2934,ppsD
2644,2751543A,,,,Malawi,Rv2449c,
2399,591219C,,,,Malawi,Rv0500A,
2101,2570285A,,,,Malawi,Rv2299c,htpG
2596,3523171G,,,,Malawi,Rv3156,nuoL
3653,2181612A,,,,Malawi,Rv1929c,
2812,155214C,,,,Malawi,Rv0127,
2123,3213933A,,,,Malawi,Rv2904c,rplS
3596,1511903A,,,,Malawi,Rv1346,fadE14
2882,4191671G,,,,Malawi,Rv3740c,
1947,2036229T,,,,Malawi,Rv1797,
1904,991097T,,,,Malawi,Rv0890c,
2616,1718332G,,,,Malawi,Rv1523,
3281,2586769T,,,,Malawi,Rv2314c,
3562,223690A,,,,Malawi,Rv0192,
3624,583495A,,,,Malawi,Rv0492A,
2527,3678298T,,,,Malawi,Rv3296,lhr
3310,912919T,,,,Malawi,Rv0820,phoT
2931,522537T,,,,Malawi,Rv0435c,
3527,75202A,,,,Malawi,IG67_Rv0067c-Rv0068,
624,4053050A,,,,Mozambique,Rv3611,
1091,3275371T,,,,Mozambique,Rv2939,papA5
674,1549395C,,,,Mozambique,Rv1376,
1163,464431T,,,,Mozambique,Rv0386,
924,3310427C,,,,Mozambique,IG3004_Rv2957-Rv2958c,
856,1370424G,,,,Mozambique,Rv1227c,
1093,3981672G,,,,Mozambique,Rv3542c,
638,3823873A,,,,Mozambique,IG3462_Rv3403c-Rv3404c,
113,659500A,,,,Myanmar,Rv0568,cyp135B1
114,2382776A,,,,Myanmar,Rv2124c,metH
232,1457833G,,,,Pakistan,Rv1301,
581,1161032G,,,,Paraguay,Rv1038c,esxJ
430,2267876T,,,,Paraguay,Rv2023c,
382,973559T,,,,Paraguay,Rv0874c,
377,142487T,,,,Paraguay,Rv0118c,oxcA
424,1404292T,,,,Paraguay,Rv1256c,cyp130
696,2527409T,,,,Paraguay,Rv2252,
378,3709781G,,,,Paraguay,Rv3324c,moaC
697,1439915G,,,,Paraguay,Rv1286,cysN
423,3840002C,,,,Paraguay,Rv3422c,
561,2777563T,,,,Paraguay,Rv2476c,gdh
4092,761155T,,,,Peru,Rv0667,rpoB
2749,1673425T,,,,Peru,IG1506_Rv1482c-Rv1483,
3638,3136335A,,,,Peru,IG2873_Rv2828c-Rv2829c,
3712,4338596G,,,,Peru,IG3927_Rv3862c-Rv3863,
2393,2302033A,,,,Peru,Rv2048c,pks12
3985,2986827A,,,,Peru,Rv2670c,
3324,2187303T,,,,Peru,IG1966_Rv1935c-Rv1936,
2489,2376913A,,,,Peru,Rv2116,lppK
3908,2076600T,,,,Peru,Rv1832,gcvB
4066,3633929A,,,,Peru,Rv3254,
2824,2725587A,,,,Peru,IG2467_Rv2427c-Rv2428,
3984,2396228A,,,,Peru,Rv2136c,uppP
3441,3416498T,,,,Peru,Rv3055,
4164,1709918C,,,,Peru,Rv1518,
3205,3159982C,,,,Peru,Rv2850c,
2567,2332242A,,,,Peru,Rv2075c,
2748,445899A,,,,Peru,Rv0368c,
4122,4326069A,,,,Peru,Rv3854c,ethA
3986,1251281C,,,,Peru,Rv1127c,ppdK
4087,1069450G,,,,Peru,Rv0957,purH
2259,2338203A,,,,Peru,Rv2081c,
3697,2991365A,,,,Peru,Rv2675c,
4124,1918634A,,,,Peru,Rv1694,tlyA
2108,3017570A,,,,Peru,Rv2702,ppgK
3306,499689G,,,,Peru,IG415_Rv0412c-Rv0413,
2305,460269T,,,,Peru,Rv0384c,clpB
3596,2965522A,,,,Peru,Rv2640c,
3944,4005733T,,,,Peru,Rv3564,fadE33
3154,4353906A,,,,Peru,Rv3876,
3878,122521A,,,,Peru,Rv0104,
3933,853231T,,,,Peru,Rv0758,phoR
2280,4314912T,,,,Peru,Rv3842c,glpQ1
2526,4178354T,,,,Peru,Rv3729,
3663,3390561A,,,,Peru,Rv3031,
4172,1313546A,,,,Peru,IG1200_Rv1179c-Rv1180,
3570,2415219A,,,,Peru,Rv2155c,murD
2943,726068A,,,,Peru,Rv0631c,recC
3702,3075520T,,,,Peru,IG2810_Rv2765-Rv2766c,
4127,895936G,,,,Peru,Rv0803,purL
3142,1199399C,,,,Peru,IG1091_Rv1074c-Rv1075c,
2396,657868C,,,,Peru,Rv0566c,
3658,1834378C,,,,Peru,Rv1630,rpsA
3316,2232733C,,,,Peru,IG2019_Rv1988-Rv1989c,
2648,4387440T,,,,Peru,Rv3902c,
3543,1946270A,,,,Peru,Rv1719,
2847,2121712G,,,,Peru,Rv1871c,
3539,3579508G,,,,Peru,Rv3202c,
2882,593264C,,,,Peru,Rv0502,
2683,3632614G,,,,Peru,Rv3253c,
2250,1438551G,,,,Peru,Rv1285,cysD
3065,4085872T,,,,Peru,Rv3646c,topA
2680,2154145G,,,,Peru,Rv1908c,katG
2256,884492G,,,,Peru,Rv0790c,
3008,241674G,,,,Peru,Rv0203,
3874,3460185T,,,,Peru,Rv3091,
4084,2546743T,,,,Peru,Rv2274c,
3755,4126755T,,,,Peru,IG3745_Rv3684-Rv3685c,
985,731898G,,,,Rusia,IG646_Rv0634B-Rv0635,
1024,2765888A,,,,Rusia,Rv2463,lipP
986,3177544C,,,,Rusia,Rv2865,
1143,591015T,,,,Rusia,IG506_Rv0500-Rv0500A,
1418,3393840A,,,,Rusia,Rv3033,
1561,3346634T,,,,Rusia,Rv2989,
1081,2765888G,,,,Rusia,Rv2463,lipP
1219,3447564A,,,,Rusia,Rv3082c,virS
1395,3585826A,,,,Rusia,Rv3208A,TB9.4
1138,3987916A,,,,Rusia,Rv3548c,
1162,2137169T,,,,Rusia,Rv1887,
1348,1762094A,,,,Rusia,Rv1557,mmpL6
1130,3965086C,,,,Rusia,Rv3528c,
1069,1841436G,,,,Rusia,Rv1635c,
1467,3872760C,,,,Rusia,Rv3451,cut3
1026,3497519T,,,,Rusia,Rv3131,
1144,4218234A,,,,Rusia,IG3837_Rv3772-Rv3773c,
743,2010584C,,,,Tanzania,IG1807_Rv1776c-Rv1777,
819,3905663A,,,,Tanzania,IG3544_Rv3485c-Rv3486,
1113,41175G,,,,Tanzania,Rv0037c,
1206,4395305A,,,,Tanzania,Rv3909,
925,1592956A,,,,Tanzania,Rv1418,lprH
1209,3988352T,,,,Tanzania,Rv3549c,
1238,1142491G,,,,Tanzania,Rv1020,mfd
2240,761139T,,,,Thailand,Rv0667,rpoB
2321,413268C,,,,Thailand,Rv0343,iniC
2243,39680T,,,,Thailand,Rv0036c,
2207,3328578A,,,,Thailand,Rv2973c,recG
2290,1807382A,,,,Thailand,Rv1608c,bcpB
2135,2382776C,,,,Thailand,Rv2124c,metH
2221,2035283T,,,,Thailand,Rv1796,mycP5
2183,4183708T,,,,Thailand,Rv3732,
2092,3268624G,,,,Thailand,Rv2935,ppsE
2025,2616026G,,,,Thailand,Rv2339,mmpL9
2319,4372109A,,,,Thailand,Rv3888c,
916,1473246G,,,,Ukraine,IG_rrs-16sRNA,
1421,1547487A,,,,Ukraine,Rv1374c,
854,1733680C,,,,Ukraine,Rv1533,
874,2723692G,,,,Ukraine,Rv2426c,
1035,1853001G,,,,Ukraine,Rv1642,rpmI
826,274472C,,,,Ukraine,Rv0229c,
803,2669349T,,,,Ukraine,Rv2381c,mbtD
1036,4235607G,,,,Ukraine,Rv3789,
1524,1960409A,,,,Ukraine,Rv1733c,
827,4010255G,,,,Ukraine,Rv3569c,bphD
1096,766744C,,,,Ukraine,Rv0668,rpoC
1492,1581137C,,,,Ukraine,IG1427_Rv1404-Rv1405c,
982,3773550G,,,,Ukraine,Rv3361c,
1195,382738T,,,,Ukraine,Rv0313,
873,1540352A,,,,Ukraine,Rv1367c,
1489,1303095A,,,,Ukraine,Rv1173,fbiC
801,3855212T,,,,Ukraine,Rv3436c,glmS
1341,2122395T,,,,Valencia,Rv1872c,lldD2
2292,2074514C,,,,Valencia,IG1859_Rv1829-Rv1830,
1756,1341029T,,,,Valencia,Rv1198,esxL
1985,2401870A,,,,Valencia,IG2172_Rv2141c-Rv2142c,
1448,2937173A,,,,Valencia,Rv2609c,
1322,3631668C,,,,Valencia,Rv3252c,alkB
2209,1680247A,,,,Valencia,Rv1490,
2183,1547487A,,,,Valencia,Rv1374c,
1624,4394539C,,,,Valencia,Rv3909,
2118,2124568C,,,,Valencia,Rv1875,
1847,3096833C,,,,Valencia,Rv2787,
2064,4169722C,,,,Valencia,Rv3724B,cut5b
1559,884958T,,,,Valencia,Rv0791c,
1214,1815007T,,,,Valencia,IG1642_Rv1614-Rv1615,
1754,3028540C,,,,Valencia,Rv2715,
