node,mutation,ttest_pvalue,ttest_adj_pvalue_Bonf,ttest_adj_pvalue_BH,Population,Rv_number,synonym,combined_p_mutation,combined_p_gene
1805,2886030A,1.87255319904168e-17,1.87255319904168e-17,1.87255319904168e-17,Rusia,Rv2565,"",,
1677,45551A,8.0681693210202e-15,8.0681693210202e-15,8.0681693210202e-15,Georgia,Rv0041,leuS,,5.53377423087639e-14
3994,1674262G,3.66713367755077e-14,3.66713367755077e-14,3.66713367755077e-14,Peru,Rv1484,inhA,,
3060,1039347T,3.84122524818959e-14,3.84122524818959e-14,3.84122524818959e-14,UK,Rv0931c,pknD,,
2816,3522462G,1.25883539343887e-11,1.25883539343887e-11,1.25883539343887e-11,Georgia,Rv3156,nuoL,,2.43729025247044e-11
4857,3848408G,4.96969770892262e-09,4.96969770892262e-09,4.96969770892262e-09,China,Rv3430c,"",,
2449,1290762T,7.19730007847062e-09,7.19730007847062e-09,7.19730007847062e-09,Botswana,Rv1161,narG,,
3444,3383592T,3.77696515244972e-08,3.77696515244972e-08,3.77696515244972e-08,Peru,Rv3024c,trmU,,
1886,3485106G,1.97330408522924e-07,1.97330408522924e-07,1.97330408522924e-07,Georgia,Rv3118,sseC1,,
5971,4201023A,2.20396421866013e-07,2.20396421866013e-07,2.20396421866013e-07,China,Rv3754,tyrA,,
1956,3566880A,6.40634601227904e-07,6.40634601227904e-07,6.40634601227904e-07,Valencia,Rv3196A,"",,2.54668672807266e-07
2360,3127926A,1.59818813759648e-06,6.39275255038593e-06,6.39275255038593e-06,Georgia,Rv2820c,"",0.000405329545224993,0.00115732887641537
2767,3569043C,1.15020195773251e-05,1.15020195773251e-05,1.15020195773251e-05,Georgia,IG3249_Rv3197A-Rv3198c,"",,
1495,861699G,4.43023061237984e-05,4.43023061237984e-05,4.43023061237984e-05,Botswana,Rv0768,aldA,,0.000385359371933543
4137,4407973C,4.54776767923233e-05,4.54776767923233e-05,4.54776767923233e-05,Peru,Rv3919c,gidB,,
2481,408897T,0.0001606943255171,0.0001606943255171,0.0001606943255171,Botswana,Rv0340,"",,
2901,2110364T,0.0001967233410766,0.0001967233410766,0.0001967233410766,Vietnam,Rv1862,adhA,,
2326,689658A,0.0002110658672216,0.0002110658672216,0.0002110658672216,Thailand,Rv0591,mce2C,,
2691,799348T,0.0002609286479346,0.0002609286479346,0.0002609286479346,Malawi,Rv0698,"",,
1645,3986938C,0.0003288873907418,0.0003288873907418,0.0003288873907418,Rusia,Rv3547,"",,
406,2774555C,0.000354857646491,0.000354857646491,0.000354857646491,Italy,Rv2471,aglA,,
2013,1141840T,0.0004364225216622,0.0004364225216622,0.0004364225216622,Malawi,Rv1020,mfd,,
3186,3314463T,0.0005999874669811,0.0005999874669811,0.0005999874669811,Malawi,Rv2962c,"",,
2587,845911G,0.0006127924702062,0.0006127924702062,0.0006127924702062,Peru,Rv0753c,mmsA,,
4358,1748444G,0.0009173170172836,0.0009173170172836,0.0009173170172836,China,Rv1547,dnaE,,
692,465795T,0.0013224165874628,0.0013224165874628,0.0013224165874628,Paraguay,Rv0386,"",,0.00161157368503705
2530,3909555A,0.0014392475100288,0.0014392475100288,0.0014392475100288,Malawi,Rv3490,otsA,,
6768,854870A,0.0017327283792667,0.0017327283792667,0.0017327283792667,China,Rv0761c,adhB,,
314,285099T,0.001770337798073,0.001770337798073,0.001770337798073,Canada,Rv0236c,"",,
730,4046007T,0.0018505593111406,0.0018505593111406,0.0018505593111406,Japan,Rv3603c,"",0.00548268427227089,0.00548268427227089
2311,103602G,0.0018652455375843,0.0018652455375843,0.0018652455375843,Georgia,Rv0093c,"",,
1865,67140T,0.0019584770589524,0.0019584770589524,0.0019584770589524,Georgia,Rv0063,"",,
4059,1686119C,0.0021536018120011,0.0021536018120011,0.0021536018120011,Peru,Rv1493,mutB,,
2213,3003147A,0.0024020375043603,0.0024020375043603,0.0024020375043603,Peru,Rv2685,arsB1,,
2797,808696C,0.0028987682543818,0.0028987682543818,0.0028987682543818,Vietnam,Rv0711,atsA,,0.0176542244408281
3014,2305217G,0.0031795195229986,0.0031795195229986,0.0031795195229986,Peru,Rv2048c,pks12,,
3302,3092311C,0.003807589499247,0.003807589499247,0.003807589499247,Peru,Rv2783c,gpsI,,
3356,307473C,0.0040745080527044,0.0040745080527044,0.0040745080527044,Malawi,Rv0255c,cobQ1,,
1087,761155C,0.0046446000393898,0.0046446000393898,0.0046446000393898,Ukraine,Rv0667,rpoB,0.00910321805828206,0.0048612095132773
2618,2700029G,0.0059728095723175,0.0059728095723175,0.0059728095723175,Malawi,Rv2402,"",,
1270,2022601A,0.0062170892585221,0.0062170892585221,0.0062170892585221,Botswana,Rv1784,"",,0.0102470770699922
3691,1042890A,0.0064260902260522,0.0064260902260522,0.0064260902260522,Moldova,Rv0934,pstS1,,0.0082677139850776
4073,1259073G,0.0066504152391689,0.0066504152391689,0.0066504152391689,Peru,Rv1133c,metE,,
3938,4328509A,0.0072330704032159,0.0072330704032159,0.0072330704032159,Peru,Rv3856c,"",,
2490,1273709G,0.008109056337953,0.008109056337953,0.008109056337953,Peru,Rv1146,mmpL13b,,
3922,86568A,0.0091563583680793,0.0091563583680793,0.0091563583680793,Peru,Rv0078,"",,
3491,2136737A,0.00944585094715,0.00944585094715,0.00944585094715,Moldova,Rv1887,"",,
1131,655162C,0.009861731264374,0.009861731264374,0.009861731264374,Tanzania,Rv0564c,gpsA,,
1038,4248003G,0.0099521184096755,0.0099521184096755,0.0099521184096755,Ukraine,Rv3795,embB,,0.00443275748289595
331,2247634G,0.0052161176440861,0.0104322352881722,0.0104322352881722,Greenland,IG2033_Rv2001-Rv2002,"",0.0564807517202318,0.0564807517202318
2218,1325385C,0.0125155079092265,0.0125155079092265,0.0125155079092265,Valencia,Rv1184c,"",,
5574,3522829C,0.0130988961820362,0.0130988961820362,0.0130988961820362,China,Rv3156,nuoL,,2.43729025247044e-11
4194,1536194G,0.0141988195108262,0.0141988195108262,0.0141988195108262,Peru,Rv1364c,"",,
1117,3073679A,0.0142395691289981,0.0142395691289981,0.0142395691289981,Ukraine,IG2808_Rv2763c-Rv2764c,"",0.00953850097635873,0.00953850097635873
371,1564821T,0.0144559020449993,0.0144559020449993,0.0144559020449993,Canada,Rv1389,gmk,,
2610,2324343A,0.014493766678219,0.014493766678219,0.014493766678219,Vietnam,Rv2066,cobI,,
1671,2867347A,0.0146160554502947,0.0146160554502947,0.0146160554502947,Georgia,Rv2544,lppB,0.0091364505074068,0.0141904692268999
2493,2715342T,0.0159680732551807,0.0159680732551807,0.0159680732551807,Moldova,IG2456_Rv2416c-Rv2417c,"",,
1832,480102G,0.0170210287302792,0.0170210287302792,0.0170210287302792,Valencia,Rv0401,"",,
2676,2531130A,0.017248158262781,0.017248158262781,0.017248158262781,Malawi,Rv2258c,"",,
2671,1525281G,0.0174674614809849,0.0174674614809849,0.0174674614809849,Malawi,IG1379_Rv1356c-Rv1357c,"",,
374,14417T,0.0181078871737677,0.0181078871737677,0.0181078871737677,Paraguay,Rv0012,"",,
2251,946537T,0.0185357341021827,0.0185357341021827,0.0185357341021827,Peru,Rv0849,"",,
405,3566773G,0.0207749955635576,0.0207749955635576,0.0207749955635576,Greenland,Rv3196A,"",,2.54668672807266e-07
2341,201152C,0.0268105896705879,0.0268105896705879,0.0268105896705879,Valencia,Rv0171,mce1C,,
3376,1525657T,0.0294704100797146,0.0294704100797146,0.0294704100797146,Peru,Rv1357c,"",,
299,1597843T,0.0324929551710603,0.0324929551710603,0.0324929551710603,Greenland,Rv1422,"",,
2549,2574002G,0.033541005702617,0.033541005702617,0.033541005702617,Vietnam,Rv2302,"",,
748,3484012G,0.0349079489538103,0.0349079489538103,0.0349079489538103,Mozambique,Rv3117,cysA3,,
1830,1955763A,0.0049233271781664,0.0393866174253318,0.0393866174253318,Georgia,Rv1730c,"",0.467420061383246,0.467420061383246
1007,1048104C,0.0415369089136504,0.0415369089136504,0.0415369089136504,Rusia,Rv0938,"",,
1797,1731919A,0.0416551480325608,0.0416551480325608,0.0416551480325608,Rusia,Rv1530,adh,,
2671,4248441T,0.0421550780876873,0.0421550780876873,0.0421550780876873,Georgia,Rv3795,embB,,0.00443275748289595
1770,1451804T,0.0451672353008665,0.0451672353008665,0.0451672353008665,Georgia,IG1317_Rv1295-Rv1296,"",,
2978,882660C,0.0483664622472714,0.0483664622472714,0.0483664622472714,Moldova,Rv0787A,"",,
2233,4228344C,0.0525182746643878,0.0525182746643878,0.0525182746643878,Peru,Rv3781,rfbE,,
3466,2123145T,0.0531359057943897,0.0531359057943897,0.0531359057943897,Peru,Rv1872c,lldD2,,
2397,3443628G,0.0533639642647866,0.0533639642647866,0.0533639642647866,Moldova,Rv3080c,pknK,,
2711,2155168C,0.0535193222419857,0.0535193222419857,0.0535193222419857,Georgia,Rv1908c,katG,,0.0779833480713355
2292,120233A,0.0546074304168992,0.0546074304168992,0.0546074304168992,Thailand,Rv0103c,ctpB,,
3890,4363348G,0.0575112961862745,0.0575112961862745,0.0575112961862745,Peru,Rv3882c,"",,
2224,1552108C,0.0576097675301223,0.0576097675301223,0.0576097675301223,Moldova,Rv1378c,"",,
3355,1105557A,0.0577547624800329,0.0577547624800329,0.0577547624800329,Moldova,Rv0988,"",,
2116,2539647A,0.0602916015405777,0.0602916015405777,0.0602916015405777,Moldova,Rv2265,"",,
707,3108996G,0.0606822484437181,0.0606822484437181,0.0606822484437181,Kenya,Rv2800,"",,
3072,2193386C,0.0616606432370932,0.0616606432370932,0.0616606432370932,Peru,Rv1940,ribA1,,
1040,419783C,0.0676308103722654,0.0676308103722654,0.0676308103722654,Australia,IG352_Rv0349-Rv0350,"",,
372,4286727C,0.0707130964107775,0.0707130964107775,0.0707130964107775,Canada,Rv3822,"",,
2842,1371166G,0.0722212957221682,0.0722212957221682,0.0722212957221682,Malawi,Rv1228,lpqX,,
2930,720603T,0.0724800268141176,0.0724800268141176,0.0724800268141176,Peru,Rv0629c,recD,,
2178,4386971T,0.0728886858248009,0.0728886858248009,0.0728886858248009,Peru,IG3966_Rv3901c-Rv3902c,"",,
2605,3627432C,0.0755290415664284,0.0755290415664284,0.0755290415664284,Georgia,Rv3247c,tmk,,
2529,761155T,0.0771267106600295,0.0771267106600295,0.0771267106600295,Georgia,Rv0667,rpoB,,0.0048612095132773
2693,2396735C,0.0802933849289903,0.0802933849289903,0.0802933849289903,Vietnam,Rv2136c,uppP,,
5460,2867347A,0.0807392892308751,0.0807392892308751,0.0807392892308751,China,Rv2544,lppB,0.0091364505074068,0.0141904692268999
946,3174748C,0.0818382982580988,0.0818382982580988,0.0818382982580988,Tanzania,IG2907_Rv2862c-Rv2863,"",,
1868,1239336G,0.0851405386198194,0.0851405386198194,0.0851405386198194,Malawi,IG1131_Rv1112-Rv1113,"",,
3369,2930353A,0.0862075855874717,0.0862075855874717,0.0862075855874717,Peru,Rv2601A,"",,
1398,3073679A,0.08707732585828,0.08707732585828,0.08707732585828,Rusia,IG2808_Rv2763c-Rv2764c,"",0.00953850097635873,0.00953850097635873
1747,4324726C,0.0876147504849774,0.0876147504849774,0.0876147504849774,Botswana,Rv3851,"",,
1450,2620959T,0.0881274214549135,0.0881274214549135,0.0881274214549135,Valencia,Rv2343c,dnaG,,
418,3124135C,0.0884570597163405,0.0884570597163405,0.0884570597163405,Greenland,Rv2817c,"",,
2480,1641322T,0.0901179749604227,0.0901179749604227,0.0901179749604227,Malawi,Rv1455,"",,
1454,4383282A,0.0906989049746386,0.0906989049746386,0.0906989049746386,Valencia,Rv3897c,"",,
2615,3143417A,0.0912270347004761,0.0912270347004761,0.0912270347004761,Peru,Rv2836c,dinF,,
2958,3245909C,0.0924561937374235,0.0924561937374235,0.0924561937374235,UK,Rv2931,ppsA,,
2246,4251297C,0.0850897346042676,0.170179469208535,0.0949596936490817,Valencia,Rv3797,fadE35,0.05147645631737,0.05147645631737
1188,4251297C,0.0949596936490817,0.189919387298163,0.0949596936490817,Valencia,Rv3797,fadE35,0.05147645631737,0.05147645631737
2944,4217704G,0.0966031326872906,0.0966031326872906,0.0966031326872906,Moldova,Rv3772,hisC2,,
2217,2867538G,0.0491963937388075,0.0983927874776149,0.0983927874776149,Moldova,Rv2544,lppB,0.22739589133521,0.0141904692268999
1584,4204943G,0.0986780153069513,0.0986780153069513,0.0986780153069513,Rusia,Rv3759c,proX,,
6734,3820180A,0.0990636160148986,0.0990636160148986,0.0990636160148986,China,Rv3401,"",,
1181,1347901T,0.100009138249505,0.100009138249505,0.100009138249505,Tanzania,Rv1204c,"",,
3328,4410976A,0.102206460114632,0.102206460114632,0.102206460114632,Malawi,IG3989_Rv3924c_end,"",,
2985,4191582A,0.107181085054553,0.107181085054553,0.107181085054553,Vietnam,Rv3740c,"",,
418,11633C,0.110137849330972,0.110137849330972,0.110137849330972,Canada,IG7_Rv0007-Rv0008c,"",,
2134,4230213C,0.117878002370827,0.117878002370827,0.117878002370827,Georgia,IG3848_Rv3783-Rv3784,"",,
3508,637545G,0.12025673798354,0.12025673798354,0.12025673798354,Malawi,IG553_Rv0545c-Rv0546c,"",,
1349,2417097T,0.1202677185776,0.1202677185776,0.1202677185776,Rusia,Rv2156c,mraY,,
1237,4131463T,0.121332694616204,0.121332694616204,0.121332694616204,Tanzania,Rv3689,"",,
2049,7582G,0.121512814834042,0.121512814834042,0.121512814834042,Georgia,Rv0006,gyrA,,0.136520556108439
3704,3157578C,0.122888169112839,0.122888169112839,0.122888169112839,Moldova,Rv2849c,cobO,,
2879,3975090G,0.124263141982832,0.124263141982832,0.124263141982832,Malawi,Rv3536c,"",,
770,465323C,0.125596310938058,0.125596310938058,0.125596310938058,Mozambique,Rv0386,"",,0.00161157368503705
3745,1138435A,0.126992419476735,0.126992419476735,0.126992419476735,Moldova,Rv1019,"",,
1656,956146C,0.129486386668003,0.129486386668003,0.129486386668003,Georgia,Rv0859,fadA,,
1126,1175098A,0.131885951512268,0.131885951512268,0.131885951512268,Tanzania,IG1068_Rv1051c-Rv1052,"",,
5176,669206A,0.133223846810238,0.133223846810238,0.133223846810238,China,Rv0575c,"",,
1947,2627899A,0.137095756031261,0.137095756031261,0.137095756031261,Thailand,Rv2349c,plcC,,0.286224866153072
1997,1430147T,0.141055475930056,0.141055475930056,0.141055475930056,Georgia,Rv1279,"",,
1481,3659988G,0.148831394820035,0.148831394820035,0.148831394820035,Botswana,Rv3277,"",,
2551,2780712A,0.150286965759061,0.150286965759061,0.150286965759061,Georgia,Rv2476c,gdh,,
346,3136335A,0.15462881440509,0.15462881440509,0.15462881440509,Philippines,IG2873_Rv2828c-Rv2829c,"",,
289,1042628T,0.163754938906921,0.163754938906921,0.163754938906921,Greenland,Rv0934,pstS1,,0.0082677139850776
3252,3691003A,0.167474324996819,0.167474324996819,0.167474324996819,Malawi,IG3360_Rv3303c-Rv3304,"",,
1438,154191G,0.168747430908445,0.168747430908445,0.168747430908445,Valencia,IG127_Rv0126-Rv0127,"",,
2426,2339974C,0.169569915520804,0.169569915520804,0.169569915520804,Malawi,Rv2082,"",,
2023,223296A,0.17598243450359,0.17598243450359,0.17598243450359,Botswana,Rv0191,"",,
2677,3638721C,0.184934236750679,0.184934236750679,0.184934236750679,Moldova,IG3314_Rv3257c-Rv3258c,"",,
3352,232231G,0.18626757038053,0.18626757038053,0.18626757038053,Malawi,Rv0196,"",,
3214,4243217T,0.186845873019734,0.186845873019734,0.186845873019734,Moldova,IG3858_Rv3793-Rv3794,"",,
686,4297830A,0.188186821765334,0.188186821765334,0.188186821765334,Paraguay,Rv3825c,pks2,,
282,3911922G,0.188186821765334,0.188186821765334,0.188186821765334,Canada,Rv3494c,mce4F,,
2065,3178912T,0.189163404663436,0.189163404663436,0.189163404663436,Moldova,Rv2867c,"",,
1762,4247730C,0.1927508529513,0.1927508529513,0.1927508529513,Georgia,Rv3795,embB,,0.00443275748289595
3260,2288934C,0.19302969324254,0.19302969324254,0.19302969324254,Moldova,Rv2043c,pncA,,
3327,2208879A,0.193433944460888,0.193433944460888,0.193433944460888,Peru,Rv1965,yrbE3B,,
3588,46415A,0.195501109477885,0.195501109477885,0.195501109477885,Peru,Rv0041,leuS,,5.53377423087639e-14
2926,3937005T,0.196658432395022,0.196658432395022,0.196658432395022,Malawi,Rv3509c,ilvX,,
3179,1876282C,0.199769084863157,0.199769084863157,0.199769084863157,Moldova,Rv1661,pks7,,
1155,1254111C,0.201289412214425,0.201289412214425,0.201289412214425,Tanzania,Rv1129c,"",,
376,3433313T,0.202068636725562,0.202068636725562,0.202068636725562,Paraguay,Rv3068c,pgmA,,
2170,4143346G,0.209131159997593,0.209131159997593,0.209131159997593,Moldova,Rv3700c,"",,
1144,436485A,0.209271101941872,0.209271101941872,0.209271101941872,Tanzania,Rv0357c,purA,,
2205,651790T,0.209593697913152,0.209593697913152,0.209593697913152,Botswana,Rv0561c,"",,
2274,1370424G,0.210403756140953,0.210403756140953,0.210403756140953,Botswana,Rv1227c,"",0.194180163210576,0.194180163210576
382,1697785G,0.211324865405187,0.211324865405187,0.211324865405187,Canada,Rv1507A,"",,
2005,70036A,0.211324865405187,0.211324865405187,0.211324865405187,Valencia,Rv0064,"",,
2116,2650004C,0.212625127218268,0.212625127218268,0.212625127218268,Malawi,Rv2369c,"",,
966,3836703G,0.214471619469175,0.214471619469175,0.214471619469175,Tanzania,Rv3417c,groEL,,
727,2021531C,0.216577530830902,0.216577530830902,0.216577530830902,Australia,Rv1784,"",,0.0102470770699922
1988,399284A,0.222248794363778,0.222248794363778,0.222248794363778,Valencia,Rv0334,rmlA,,
2058,2753449G,0.222926908845751,0.222926908845751,0.222926908845751,Georgia,Rv2453c,mobA,,
3238,4119312A,0.224078948073519,0.224078948073519,0.224078948073519,Moldova,Rv3679,"",,
758,1370424G,0.228799206841856,0.228799206841856,0.228799206841856,Tanzania,Rv1227c,"",0.194180163210576,0.194180163210576
2553,3791595T,0.23383439921694,0.23383439921694,0.23383439921694,Georgia,Rv3377c,"",,
1426,3133131C,0.236596356846055,0.236596356846055,0.236596356846055,Valencia,Rv2825c,"",,
1508,3837233A,0.243920648659927,0.243920648659927,0.243920648659927,Valencia,Rv3418c,groES,,
2272,551107A,0.246833355610163,0.246833355610163,0.246833355610163,Botswana,Rv0458,"",,
1080,3453201G,0.24727702149237,0.24727702149237,0.24727702149237,Rusia,Rv3087,"",,
1074,2765888A,0.2484385654593,0.2484385654593,0.2484385654593,Rusia,Rv2463,lipP,,
3265,3229457T,0.25,0.25,0.25,Malawi,Rv2918c,glnD,,
2558,2312463A,0.25,0.25,0.25,UK,Rv2052c,"",,
2753,1184504A,0.25,0.25,0.25,Malawi,Rv1061,"",,
2897,7581T,0.25,0.25,0.25,Georgia,Rv0006,gyrA,,0.136520556108439
3371,3602284G,0.25,0.25,0.25,Peru,Rv3225c,"",,
2352,4204387G,0.252338121902069,0.252338121902069,0.252338121902069,Malawi,Rv3758c,proV,,
1100,761155C,0.253016922666899,0.253016922666899,0.253016922666899,Rusia,Rv0667,rpoB,0.00910321805828206,0.0048612095132773
1609,2485581G,0.25540412632996,0.25540412632996,0.25540412632996,Thailand,Rv2218,lipA,,
1885,4322908A,0.261389115197912,0.261389115197912,0.261389115197912,Malawi,Rv3848,"",,
469,1448C,0.262962215642342,0.262962215642342,0.262962215642342,Kenya,Rv0001,dnaA,,
487,2280887A,0.26767225402806,0.26767225402806,0.26767225402806,Kenya,Rv2033c,"",,
2019,602734T,0.267748852103951,0.267748852103951,0.267748852103951,Moldova,Rv0510,hemC,,
3309,3658152G,0.276468912206036,0.276468912206036,0.276468912206036,Malawi,Rv3275c,purE,,
1385,4260790A,0.278623445042416,0.278623445042416,0.278623445042416,Rusia,Rv3800c,pks13,,
2915,34406T,0.27913995185569,0.27913995185569,0.27913995185569,Georgia,Rv0032,bioF2,,
4085,2155168G,0.280218204995039,0.280218204995039,0.280218204995039,Peru,Rv1908c,katG,,0.0779833480713355
3418,1775931T,0.286807824589219,0.286807824589219,0.286807824589219,Moldova,Rv1568,bioA,,
2918,1423816T,0.290726295492855,0.290726295492855,0.290726295492855,Vietnam,Rv1273c,"",,
2707,1869492C,0.290954243598078,0.290954243598078,0.290954243598078,Moldova,Rv1655,argD,,
2825,2569461G,0.293298314392214,0.293298314392214,0.293298314392214,Georgia,Rv2298,"",,0.523649261730133
2812,3522462A,0.294720376892082,0.294720376892082,0.294720376892082,Georgia,Rv3156,nuoL,,2.43729025247044e-11
2332,2574220T,0.296144427845276,0.296144427845276,0.296144427845276,Thailand,Rv2303c,"",,
4069,143465A,0.296659869772677,0.296659869772677,0.296659869772677,Peru,Rv0118c,oxcA,,
1994,2919702C,0.299186751916391,0.299186751916391,0.299186751916391,UK,Rv2590,fadD9,,
3173,713243T,0.301690825655946,0.301690825655946,0.301690825655946,Peru,Rv0620,galK,,
1997,2523849A,0.301690825655946,0.301690825655946,0.301690825655946,Thailand,Rv2249c,glpD1,,
1785,3545165C,0.301690825655946,0.301690825655946,0.301690825655946,Georgia,Rv3176c,mesT,,
2807,1627813C,0.305923249581633,0.305923249581633,0.305923249581633,Vietnam,Rv1448c,tal,,
1452,1886275C,0.310667592149528,0.310667592149528,0.310667592149528,Rusia,Rv1662,pks8,,
2846,701719G,0.310703928806712,0.310703928806712,0.310703928806712,Georgia,Rv0605,"",,
2014,3617541T,0.31217899582061,0.31217899582061,0.31217899582061,Thailand,Rv3239c,"",,
713,793642T,0.312747376240141,0.312747376240141,0.312747376240141,Indonesia,Rv0694,lldD1,,
2613,55704T,0.316257613887413,0.316257613887413,0.316257613887413,Peru,Rv0051,"",,
6733,635021C,0.320814688253745,0.320814688253745,0.320814688253745,China,Rv0542c,menE,,
2659,4023911G,0.325160222062442,0.325160222062442,0.325160222062442,Moldova,Rv3581c,ispF,,
3228,3460335G,0.325359097544791,0.325359097544791,0.325359097544791,Moldova,Rv3091,"",,
947,3191024G,0.338570411615669,0.338570411615669,0.338570411615669,Ukraine,Rv2881c,cdsA,,
580,1849134C,0.341700095376948,0.341700095376948,0.341700095376948,Paraguay,Rv1640c,lysS,,
2782,511204G,0.354231031654948,0.354231031654948,0.354231031654948,Georgia,Rv0425c,ctpH,,0.682644188771537
2169,4046007T,0.355861395616835,0.355861395616835,0.355861395616835,Peru,Rv3603c,"",0.00548268427227089,0.00548268427227089
2941,1179069A,0.360119381730918,0.360119381730918,0.360119381730918,Georgia,IG1073_Rv1056-Rv1057,"",,
2554,453636T,0.361043762739027,0.361043762739027,0.361043762739027,UK,Rv0376c,"",,
359,3226852T,0.364269387843433,0.364269387843433,0.364269387843433,Paraguay,Rv2917,"",,
6777,781687G,0.371650541513262,0.371650541513262,0.371650541513262,China,Rv0682,rpsL,,
2905,46996T,0.371994368306946,0.371994368306946,0.371994368306946,Malawi,Rv0042c,"",,0.703995961891045
2686,1473246G,0.372422608424154,0.372422608424154,0.372422608424154,Moldova,IG_rrs-16sRNA,"",0.596562707856601,0.596562707856601
2966,3512571T,0.372592429633168,0.372592429633168,0.372592429633168,Moldova,Rv3146,nuoB,,
1356,116253T,0.373907377948641,0.373907377948641,0.373907377948641,Botswana,Rv0101,nrp,,
1478,2871967A,0.382587178280137,0.382587178280137,0.382587178280137,Valencia,Rv2552c,aroE,,
2050,640126T,0.382975285888506,0.382975285888506,0.382975285888506,Moldova,IG556_Rv0548c-Rv0549c,"",,
3832,497383T,0.391201942753094,0.391201942753094,0.391201942753094,Moldova,Rv0411c,glnH,,
2910,1955763A,0.102416382349567,0.819331058796534,0.409665529398267,Georgia,Rv1730c,"",0.467420061383246,0.467420061383246
1881,1055155T,0.431862368178376,0.431862368178376,0.431862368178376,Thailand,Rv0946c,pgi,,
3329,841413A,0.440292121219424,0.440292121219424,0.440292121219424,Moldova,Rv0749,"",,
2900,3127926A,0.331983723560612,1,0.442644964747483,Georgia,Rv2820c,"",0.000405329545224993,0.00115732887641537
2525,3127926A,0.241893122863168,0.967572491452671,0.442644964747483,Georgia,Rv2820c,"",0.000405329545224993,0.00115732887641537
1951,2179247T,0.444762215734829,0.444762215734829,0.444762215734829,Moldova,Rv1926c,mpt63,,
2974,54012A,0.448976059802209,0.448976059802209,0.448976059802209,Georgia,Rv0050,ponA1,,
3714,4370758A,0.452532834323095,0.452532834323095,0.452532834323095,Moldova,Rv3887c,"",,
2774,2968381G,0.45403733470768,0.45403733470768,0.45403733470768,Georgia,Rv2643,arsC,,
3259,137547G,0.457833411876058,0.457833411876058,0.457833411876058,Moldova,Rv0113,gmhA,,
2240,2401986A,0.461251548417161,0.461251548417161,0.461251548417161,Vietnam,IG2172_Rv2141c-Rv2142c,"",,
1071,3135636C,0.461395766827389,0.461395766827389,0.461395766827389,Rusia,IG2872_Rv2827c-Rv2828c,"",,
3341,3568658C,0.463316313295058,0.463316313295058,0.463316313295058,Moldova,Rv3197A,whiB7,,
2952,1955763A,0.174363938715232,1,0.46497050324062,Georgia,Rv1730c,"",0.467420061383246,0.467420061383246
973,3895884T,0.466515942864933,0.466515942864933,0.466515942864933,Rusia,Rv3479,"",,
4140,332148G,0.474986217907349,0.474986217907349,0.474986217907349,Peru,Rv0276,"",,
3236,2100856T,0.47896317880469,0.47896317880469,0.47896317880469,Moldova,Rv1852,ureG,,
2101,2900308C,0.481325501180453,0.481325501180453,0.481325501180453,Thailand,Rv2576c,"",,
1643,2663678A,0.484904788896413,0.484904788896413,0.484904788896413,Botswana,Rv2380c,mbtE,,
404,685437C,0.48659938915613,0.48659938915613,0.48659938915613,Canada,Rv0587,yrbE2A,,
2154,1673425T,0.5,0.5,0.5,Georgia,IG1506_Rv1482c-Rv1483,"",,
1054,2266721A,0.5,0.5,0.5,Rusia,IG2052_Rv2020c-Rv2021c,"",,
2990,2118865A,0.5,0.5,0.5,Malawi,Rv1868,"",,
429,450500G,0.5,0.5,0.5,Paraguay,Rv0373c,"",,
434,1000086A,0.5,0.5,0.5,Greenland,Rv0896,gltA,,
1917,1955763A,0.31388572438515,1,0.50221715901624,Georgia,Rv1730c,"",0.467420061383246,0.467420061383246
1877,1955763A,0.306913054793778,1,0.50221715901624,Georgia,Rv1730c,"",0.467420061383246,0.467420061383246
2571,3092678A,0.528318655571804,0.528318655571804,0.528318655571804,UK,IG2828_Rv2783c-Rv2784c,"",,
4076,2193891G,0.528534648266394,0.528534648266394,0.528534648266394,Peru,Rv1941,"",,
2786,1077666T,0.532853479156815,0.532853479156815,0.532853479156815,Georgia,Rv0966c,"",,
971,2531964G,0.533484057135067,0.533484057135067,0.533484057135067,Rusia,IG2291_Rv2258c-Rv2259,"",,
2050,1929848A,0.543199705284519,0.543199705284519,0.543199705284519,Thailand,Rv1704c,cycA,,
2788,3127926A,0.54596266529232,1,0.54596266529232,Georgia,Rv2820c,"",0.000405329545224993,0.00115732887641537
3526,2006552G,0.548225353019017,0.548225353019017,0.548225353019017,Malawi,IG1802_Rv1771-Rv1772,"",,
427,2010130A,0.554173214071605,0.554173214071605,0.554173214071605,Greenland,Rv1776c,"",,
2193,4405450T,0.558895626453968,0.558895626453968,0.558895626453968,Thailand,IG3981_Rv3916c-Rv3917c,"",,
2296,3517669T,0.561115858371907,0.561115858371907,0.561115858371907,Thailand,Rv3151,nuoG,,
2835,1955763A,0.459303152650081,1,0.571428571428571,Georgia,Rv1730c,"",0.467420061383246,0.467420061383246
2983,1955763A,0.5,1,0.571428571428571,Georgia,Rv1730c,"",0.467420061383246,0.467420061383246
2511,4003992A,0.575028446388688,0.575028446388688,0.575028446388688,Moldova,Rv3562,fadE31,,
2698,1671313G,0.577814941561454,0.577814941561454,0.577814941561454,Moldova,Rv1480,"",,
2706,164680T,0.583736012547221,0.583736012547221,0.583736012547221,Peru,Rv0136,cyp138,,
482,2035731C,0.587870229965824,0.587870229965824,0.587870229965824,Kenya,Rv1797,"",,
2290,2627948G,0.595615777929275,0.595615777929275,0.595615777929275,Malawi,Rv2349c,plcC,,0.286224866153072
2723,1955763A,0.601783804742088,1,0.601783804742088,Georgia,Rv1730c,"",0.467420061383246,0.467420061383246
2040,2867538G,0.604719275717483,1,0.604719275717483,Moldova,Rv2544,lppB,0.22739589133521,0.0141904692268999
1548,1704929A,0.615771621420524,0.615771621420524,0.615771621420524,Ukraine,Rv1512,epiA,,
365,4383754G,0.624700254096876,0.624700254096876,0.624700254096876,Greenland,Rv3898c,"",,
1888,38778A,0.633400117268541,0.633400117268541,0.633400117268541,Malawi,Rv0035,fadD34,,
1651,2731606A,0.662089637418901,0.662089637418901,0.662089637418901,Georgia,Rv2435c,"",,
2904,3127926G,0.668016276439388,0.668016276439388,0.668016276439388,Georgia,Rv2820c,"",,0.00115732887641537
1924,1473246G,0.671259328582622,0.671259328582622,0.671259328582622,Georgia,IG_rrs-16sRNA,"",0.596562707856601,0.596562707856601
1922,966883C,0.671554516809891,0.671554516809891,0.671554516809891,Georgia,Rv0869c,moaA,,
768,1927837G,0.672264844202317,0.672264844202317,0.672264844202317,Tanzania,Rv1702c,"",,
2041,2876599A,0.674972320725549,0.674972320725549,0.674972320725549,Thailand,Rv2556c,"",,
2029,49467T,0.678639749472346,0.678639749472346,0.678639749472346,Thailand,Rv0045c,"",,
2123,1852224A,0.680720583070248,0.680720583070248,0.680720583070248,Valencia,IG1669_Rv1640c-Rv1641,"",,
3339,2569846C,0.68563795642835,0.68563795642835,0.68563795642835,Moldova,Rv2298,"",,0.523649261730133
1920,4137219G,0.68611427561485,0.68611427561485,0.68611427561485,Georgia,Rv3695,"",0.916859003635739,0.916859003635739
2347,4011750G,0.688261989896386,0.688261989896386,0.688261989896386,Moldova,Rv3570c,"",,
576,1715415A,0.689644930092348,0.689644930092348,0.689644930092348,Paraguay,Rv1522c,mmpL12,,
2199,618056C,0.689802634195042,0.689802634195042,0.689802634195042,Thailand,Rv0527,ccdA,,
1955,4218234A,0.691067281901357,0.691067281901357,0.691067281901357,Moldova,IG3837_Rv3772-Rv3773c,"",,
944,1343266T,0.700661276898374,0.700661276898374,0.700661276898374,Japan,Rv1200,"",,
3502,868402T,0.72603704104667,0.72603704104667,0.72603704104667,Moldova,IG789_Rv0774c-Rv0775,"",,
961,4241357C,0.749330943748821,0.749330943748821,0.749330943748821,Japan,Rv3793,embC,,
1730,2114465T,0.75,0.75,0.75,Botswana,Rv1866,"",,
3717,593648A,0.75,0.75,0.75,Peru,Rv0502,"",,
1828,799857T,0.75,0.75,0.75,Botswana,IG711_Rv0699-Rv0700,"",,
355,2069880T,0.754888441606733,0.754888441606733,0.754888441606733,Greenland,Rv1823,"",,
2459,2717774C,0.760855611202616,0.760855611202616,0.760855611202616,Georgia,Rv2419c,"",,
607,861437T,0.770807814680068,0.770807814680068,0.770807814680068,Kenya,Rv0768,aldA,,0.000385359371933543
3093,4372567A,0.780124945726727,0.780124945726727,0.780124945726727,Moldova,Rv3888c,"",,
287,3858595T,0.783372976789415,0.783372976789415,0.783372976789415,Greenland,Rv3439c,"",,
2093,276525T,0.784943883003912,0.784943883003912,0.784943883003912,Valencia,Rv0231,fadE4,,
972,2777043A,0.785223287477277,0.785223287477277,0.785223287477277,Mozambique,Rv2475c,"",,
2271,959578G,0.787415203627293,0.787415203627293,0.787415203627293,Malawi,Rv0861c,ercc3,,
2169,2487932A,0.790868840002407,0.790868840002407,0.790868840002407,Moldova,Rv2220,glnA1,,
3035,852871C,0.794815333241876,0.794815333241876,0.794815333241876,Moldova,Rv0758,phoR,,
1512,3336764T,0.799612515896589,0.799612515896589,0.799612515896589,Botswana,IG3028_Rv2980-Rv2981c,"",0.947422224452764,0.947422224452764
4856,3567986A,0.812832958189001,0.812832958189001,0.812832958189001,China,Rv3197,"",,
1249,1963309A,0.815508455430211,0.815508455430211,0.815508455430211,Tanzania,Rv1736c,narX,,
2299,1186547T,0.817940799147173,0.817940799147173,0.817940799147173,Thailand,Rv1063c,"",,
4151,824362C,0.822041158125209,0.822041158125209,0.822041158125209,Peru,Rv0731c,"",,
358,965525T,0.82207982278758,0.82207982278758,0.82207982278758,Paraguay,Rv0867c,rpfA,,
3978,3167862A,0.828281801931043,0.828281801931043,0.828281801931043,Peru,IG2901_Rv2856-Rv2857c,"",,
2070,3668233A,0.843839648506651,0.843839648506651,0.843839648506651,Malawi,Rv3286c,sigF,,
1281,2382776A,0.84731336654786,0.84731336654786,0.84731336654786,Botswana,Rv2124c,metH,,
5757,99166C,0.853553390593274,0.853553390593274,0.853553390593274,China,Rv0090,"",,
2620,1015906C,0.854875648887819,0.854875648887819,0.854875648887819,Moldova,Rv0911,"",,
1166,3336764T,0.867631561290121,0.867631561290121,0.867631561290121,Tanzania,IG3028_Rv2980-Rv2981c,"",0.947422224452764,0.947422224452764
1872,808453G,0.872553643662907,0.872553643662907,0.872553643662907,Malawi,Rv0711,atsA,,0.0176542244408281
1514,3823873A,0.882254786053997,0.882254786053997,0.882254786053997,Botswana,IG3462_Rv3403c-Rv3404c,"",,
4159,4040746A,0.884575155138804,0.884575155138804,0.884575155138804,Peru,IG3656_Rv3596c-Rv3597c,"",,
2651,2706668A,0.888273837641833,0.888273837641833,0.888273837641833,Georgia,Rv2408,"",,
2696,2411948C,0.897583617650433,0.897583617650433,0.897583617650433,Moldova,Rv2152c,murC,,
3035,513620A,0.898484191447885,0.898484191447885,0.898484191447885,Malawi,Rv0425c,ctpH,,0.682644188771537
2593,4137219G,0.905095746833467,0.905095746833467,0.905095746833467,Moldova,Rv3695,"",0.916859003635739,0.916859003635739
4065,47131T,0.907041450294308,0.907041450294308,0.907041450294308,Peru,Rv0042c,"",,0.703995961891045
1813,1052931T,0.921061693549512,0.921061693549512,0.921061693549512,Georgia,Rv0943c,"",,
1487,1530313C,0.930182950138819,0.930182950138819,0.930182950138819,Rusia,Rv1359,"",,
1261,786590C,0.940235549961088,0.940235549961088,0.940235549961088,Tanzania,Rv0686,"",,
1146,1620858G,0.946154331519068,0.946154331519068,0.946154331519068,Rusia,Rv1442,bisC,,
3245,2247093G,0.949112532773906,0.949112532773906,0.949112532773906,Moldova,Rv2001,"",,
2579,4235607G,0.951843009816079,0.951843009816079,0.951843009816079,Moldova,Rv3789,"",,
295,2247634G,0.96750704482894,1,0.96750704482894,Greenland,IG2033_Rv2001-Rv2002,"",0.0564807517202318,0.0564807517202318
2393,2423028A,0.97412050184108,0.97412050184108,0.97412050184108,Moldova,Rv2161c,"",,
624,3489013G,0.979641599078724,0.979641599078724,0.979641599078724,Kenya,Rv3123,"",,
